product_id,product_name,product_price,product_image,product_link,product_store,product_category,product_ratings,rating_count,product_description,fetch_date
1,Mibro A2 Bluetooth Calling Smart Watch,"Rs. 8,299",https://images.priceoye.pk/mibro-a2-bluetooth-calling-smart-watch-pakistan-priceoye-gtgk5-270x270.webp,https://priceoye.pk/smart-watches/mibro/mibro-a2-bluetooth-calling-smart-watch,PriceOye,"Smart-Watches, Mibro",5.0,8 Ratings,"{'Display': '1.39 inches', 'Screen Type': 'HD touch screen', 'Battery Life': '2-3 days'}",2023-12-03
2,Mibro Watch Lite2,"Rs. 12,999",https://images.priceoye.pk/mibro-watch-lite2-pakistan-priceoye-9n9jt-270x270.webp,https://priceoye.pk/smart-watches/mibro/mibro-watch-lite2,PriceOye,"Smart-Watches, Mibro",5.0,79 Ratings,"{'Display': '1.3 Inches', 'Screen Type': 'Amoled HD Color Screen', 'Battery Life': '12-Day Battery Life'}",2023-12-03
3,Mibro GS Pro Calling Smart Watch,"Rs. 15,999",https://images.priceoye.pk/mibro-gs-pro-calling-smart-watch-pakistan-priceoye-ad7qs-270x270.webp,https://priceoye.pk/smart-watches/mibro/mibro-gs-pro-calling-smart-watch,PriceOye,"Smart-Watches, Mibro",5.0,5 Ratings,"{'Display': '1.43', 'Screen Type': 'AMOLED', 'Battery Life': '2-3 days'}",2023-12-03
4,Mibro T1 Smart Watch,"Rs. 13,999",https://images.priceoye.pk/mibro-t1-pakistan-priceoye-vkiyb-270x270.webp,https://priceoye.pk/smart-watches/mibro/mibro-t1,PriceOye,"Smart-Watches, Mibro",5.0,79 Ratings,"{'Display': '1.6 Inch', 'Screen Type': 'AMOLED', 'Battery Life': 'N/A'}",2023-12-03
5,Mibro Smart Watch T2,"Rs. 13,999",https://images.priceoye.pk/mibro-smart-watch-t2-pakistan-priceoye-salqr-270x270.webp,https://priceoye.pk/smart-watches/mibro/mibro-smart-watch-t2,PriceOye,"Smart-Watches, Mibro",5.0,1 Ratings,"{'Display': '1.75 Inches', 'Screen Type': 'AMOLED', 'Battery Life': '2-3 days'}",2023-12-03
6,Mibro C3 Bluetooth Calling Smart Watch,"Rs. 8,499",https://images.priceoye.pk/mibro-c3-bluetooth-calling-smart-watch-pakistan-priceoye-8j3lz-270x270.webp,https://priceoye.pk/smart-watches/mibro/mibro-c3-bluetooth-calling-smart-watch,PriceOye,"Smart-Watches, Mibro",5.0,1 Ratings,"{'Display': '1.85 inches', 'Screen Type': 'Full-Touch', 'Battery Life': '2-3 days'}",2023-12-03
7,Mibro GS Smart Watch,"Rs. 13,299",https://images.priceoye.pk/mibro-gs-smart-watch-pakistan-priceoye-04mqg-270x270.webp,https://priceoye.pk/smart-watches/mibro/mibro-gs-smart-watch,PriceOye,"Smart-Watches, Mibro",5.0,8 Ratings,"{'Display': '1.43 Inches', 'Screen Type': 'Amoled HD Display', 'Battery Life': '24-Day Ultra-Long Battery Life'}",2023-12-03
8,Mibro Watch C2,"Rs. 7,999",https://images.priceoye.pk/mibro-watch-c2-pakistan-priceoye-rlc6r-270x270.webp,https://priceoye.pk/smart-watches/mibro/mibro-watch-c2,PriceOye,"Smart-Watches, Mibro",5.0,5 Ratings,"{'Display': '1.69 Inches', 'Screen Type': 'HD Screen', 'Battery Life': '7 days'}",2023-12-03
9,Mibro Air Smart Watch,"Rs. 4,699",https://images.priceoye.pk/mibro-air-smart-watch-pakistan-priceoye-hmj1l-270x270.webp,https://priceoye.pk/smart-watches/mibro/mibro-air-smart-watch,PriceOye,"Smart-Watches, Mibro",5.0,13 Ratings,"{'Display': '1.28 Inches', 'Screen Type': 'TFT', 'Battery Life': '25 Days'}",2023-12-03
10,Mibro Lite Smart Watch,"Rs. 9,999",https://images.priceoye.pk/mibro-lite-smart-watch-pakistan-priceoye-mkort-270x270.webp,https://priceoye.pk/smart-watches/mibro/mibro-lite-smart-watch,PriceOye,"Smart-Watches, Mibro",5.0,192 Ratings,"{'Display': '1.3 Inches', 'Screen Type': 'AMOLED', 'Battery Life': '8 Days'}",2023-12-03
11,Mibro Color Smart Watch,"Rs. 6,999",https://images.priceoye.pk/mibro-color-smart-watch-pakistan-priceoye-wq3ts-270x270.webp,https://priceoye.pk/smart-watches/mibro/mibro-color-smart-watch,PriceOye,"Smart-Watches, Mibro",5.0,26 Ratings,"{'Display': '1.57 inches', 'Screen Type': 'HD Screen', 'Battery Life': '7 days'}",2023-12-03
12,Mibro A1 Smart Watch,"Rs. 6,999",https://images.priceoye.pk/mibro-a1-smartwatch-pakistan-priceoye-lid0d-270x270.webp,https://priceoye.pk/smart-watches/mibro/mibro-a1-smartwatch,PriceOye,"Smart-Watches, Mibro",5.0,43 Ratings,"{'Display': '1.28 Inches', 'Screen Type': 'TFT', 'Battery Life': '1-2 days (7-10 days standby time)'}",2023-12-03
13,Mibro X1 Smart Watch,"Rs. 9,799",https://images.priceoye.pk/mibro-x1-smart-watch-pakistan-priceoye-0ag6c-270x270.webp,https://priceoye.pk/smart-watches/mibro/mibro-x1-smart-watch,PriceOye,"Smart-Watches, Mibro",5.0,161 Ratings,"{'Display': '1.3 Inches', 'Screen Type': 'AMOLED', 'Battery Life': '8 Days'}",2023-12-03
14,Kieslect KS Smart Calling Watch,"Rs. 16,599",https://images.priceoye.pk/kieslect-ks-smart-calling-watch-pakistan-priceoye-s91xh-270x270.webp,https://priceoye.pk/smart-watches/kieslect/kieslect-ks-smart-calling-watch,PriceOye,"Smart-Watches, Kieslect",5.0,6 Ratings,"{'Display': '1.78 Inches', 'Screen Type': 'Colorful Amoled Display', 'Battery Life': '7 Days'}",2023-12-03
15,Kieslect Kr Calling Watch,"Rs. 10,399",https://images.priceoye.pk/kieslect-calling-kr-smartwatch-pakistan-priceoye-yrdxq-270x270.webp,https://priceoye.pk/smart-watches/kieslect/kieslect-calling-kr-smart-watch,PriceOye,"Smart-Watches, Kieslect",5.0,48 Ratings,"{'Display': '1.32 Inches', 'Screen Type': 'Semi-AMOLED', 'Battery Life': '3 to 5 days'}",2023-12-03
16,Kieslect Ks Pro Calling Watch With Dual Straps,"Rs. 18,499",https://images.priceoye.pk/kieslect-ks-pro-calling-watch-with-dual-straps-pakistan-priceoye-i5xfr-270x270.webp,https://priceoye.pk/smart-watches/kieslect/kieslect-ks-pro-calling-watch-with-dual-straps,PriceOye,"Smart-Watches, Kieslect",5.0,5 Ratings,"{'Display': '2.01 inches', 'Screen Type': 'AMOLED', 'Battery Life': '2-3 days'}",2023-12-03
17,Kieslect K Lora 2 Lady Calling Smart Watch,"Rs. 17,299",https://images.priceoye.pk/kieslect-k-lora-2-lady-calling-smart-watch-pakistan-priceoye-fhxx8-270x270.webp,https://priceoye.pk/smart-watches/kieslect/kieslect-k-lora-2-lady-calling-smart-watch,PriceOye,"Smart-Watches, Kieslect",5.0,1 Ratings,"{'Display': '1.3 inches', 'Screen Type': 'AMOLED', 'Battery Life': '2-3 days'}",2023-12-03
18,Kieslect Kr Pro Calling Watch,"Rs. 15,999",https://images.priceoye.pk/kieslect-calling-kr-pro-smart-watch-pakistan-priceoye-2lhj5-270x270.webp,https://priceoye.pk/smart-watches/kieslect/kieslect-calling-kr-pro-smart-watch,PriceOye,"Smart-Watches, Kieslect",5.0,63 Ratings,"{'Display': '1.43 inches', 'Screen Type': 'AMOLED', 'Battery Life': '13 Days Stand By Mode'}",2023-12-03
19,Kieslect L11 Smart Watch,"Rs. 6,799",https://images.priceoye.pk/imilab-kieslect-l11-smart-watch-pakistan-priceoye-lopvm-270x270.webp,https://priceoye.pk/smart-watches/kieslect/kieslect-l11-smart-watch,PriceOye,"Smart-Watches, Kieslect",5.0,12 Ratings,"{'Display': '1.09 inches', 'Screen Type': 'TFT', 'Battery Life': '3-5 days'}",2023-12-03
20,Kieslect L11 Pro Smart Watch,"Rs. 8,499",https://images.priceoye.pk/kieslect-l11-pro-smartwatch-pakistan-priceoye-1oe18-270x270.webp,https://priceoye.pk/smart-watches/kieslect/kieslect-l11-pro-smartwatch,PriceOye,"Smart-Watches, Kieslect",5.0,3 Ratings,"{'Display': '1.3 Inches', 'Screen Type': 'Semi Amoled', 'Battery Life': '20 days'}",2023-12-03
21,Kieslect K11 Pro Smart Watch,"Rs. 10,999",https://images.priceoye.pk/kieslect-k11-pro-smart-watch-pakistan-priceoye-cqvq1-270x270.webp,https://priceoye.pk/smart-watches/kieslect/kieslect-k11-pro-smart-watch,PriceOye,"Smart-Watches, Kieslect",5.0,4 Ratings,"{'Display': '1.43 Inches', 'Screen Type': 'Amoled', 'Battery Life': '4-6 Days Heavy Usage'}",2023-12-03
22,Kieslect K11 Smart Watch,"Rs. 8,999",https://images.priceoye.pk/kieslect-k11-smart-watch-pakistan-priceoye-9iluh-270x270.webp,https://priceoye.pk/smart-watches/kieslect/kieslect-k11-smart-watch,PriceOye,"Smart-Watches, Kieslect",5.0,103 Ratings,"{'Display': '1.39 Inches', 'Screen Type': 'Ultra Amoled', 'Battery Life': '14 Days'}",2023-12-03
23,Kieslect K10 Smart Watch,"Rs. 5,999",https://images.priceoye.pk/imilab-kieslect-k10-pakistan-priceoye-smh7k-270x270.webp,https://priceoye.pk/smart-watches/kieslect/kieslect-k10-smart-watch,PriceOye,"Smart-Watches, Kieslect",5.0,24 Ratings,"{'Display': '1.32 Inches', 'Screen Type': 'Semi-Amoled Retina Display', 'Battery Life': '25 Days'}",2023-12-03
24,Kieslect Lady Calling Watch Lora,"Rs. 13,999",https://images.priceoye.pk/kieslect-k-lora-lady-calling-smart-watch-pakistan-priceoye-w6ls5-270x270.webp,https://priceoye.pk/smart-watches/kieslect/kieslect-k-lora-lady-calling-smart-watch,PriceOye,"Smart-Watches, Kieslect",5.0,6 Ratings,"{'Display': '1.32 inches', 'Screen Type': 'SEMI AMOLED', 'Battery Life': '3-5 days'}",2023-12-03
25,Zero Ignite Smart Watch,"Rs. 6,499",https://images.priceoye.pk/zero-ignite-smart-watch-pakistan-priceoye-43iu3-270x270.webp,https://priceoye.pk/smart-watches/zero/zero-ignite-smart-watch,PriceOye,"Smart-Watches, Zero",5.0,5 Ratings,"{'Display': '1.83”', 'Screen Type': 'IPS', 'Battery Life': '7-9 days'}",2023-12-03
26,Zero Ultra Rugged Defender,"Rs. 8,499",https://images.priceoye.pk/zero-ultra-rugged-defender-pakistan-priceoye-6omtr-270x270.webp,https://priceoye.pk/smart-watches/zero/zero-ultra-rugged-defender,PriceOye,"Smart-Watches, Zero",5.0,9 Ratings,"{'Display': '1.39 Inches', 'Screen Type': 'LCD Display', 'Battery Life': '3-5 Days'}",2023-12-03
27,Zero Caliber Pro All-Metal Appearance,"Rs. 6,999",https://images.priceoye.pk/zero-caliber-pro-all-metal-appearance-pakistan-priceoye-tyti2-270x270.webp,https://priceoye.pk/smart-watches/zero/zero-caliber-pro-all-metal-appearance,PriceOye,"Smart-Watches, Zero",5.0,6 Ratings,"{'Display': '1.91', 'Screen Type': 'TFT', 'Battery Life': 'Standby Time : 30 days'}",2023-12-03
28,Zero Armour Smart Watch,"Rs. 8,499",https://images.priceoye.pk/zero-armour-smart-watch-pakistan-priceoye-qkico-270x270.webp,https://priceoye.pk/smart-watches/zero/zero-armour-smart-watch,PriceOye,"Smart-Watches, Zero",5.0,2 Ratings,"{'Display': '1.32 Inches', 'Screen Type': 'LCD Display', 'Battery Life': '5-7 Days'}",2023-12-03
29,Zero Orbit HD Bright Display,"Rs. 7,999",https://images.priceoye.pk/zero-orbit-hd-bright-display-pakistan-priceoye-0p8dh-270x270.webp,https://priceoye.pk/smart-watches/zero/zero-orbit-hd-bright-display,PriceOye,"Smart-Watches, Zero",5.0,1 Ratings,"{'Display': '1.0 Inches', 'Screen Type': 'HD Display', 'Battery Life': '5-7 Days'}",2023-12-03
30,Zero Bolt Smart Watch,"Rs. 6,999",https://images.priceoye.pk/zero-bolt-smart-watch-pakistan-priceoye-xd672-270x270.webp,https://priceoye.pk/smart-watches/zero/zero-bolt-smart-watch,PriceOye,"Smart-Watches, Zero",5.0,9 Ratings,"{'Display': '1.85 Inches', 'Screen Type': 'TFT Screen', 'Battery Life': '10 Days Typical Usage Time, 30 Days Standby Time'}",2023-12-03
31,Zero Drift Smart Watch,"Rs. 10,999",https://images.priceoye.pk/zero-drift-smart-watch-pakistan-priceoye-hsp9x-270x270.webp,https://priceoye.pk/smart-watches/zero/zero-drift-smart-watch,PriceOye,"Smart-Watches, Zero",5.0,1 Ratings,"{'Display': '1.91 inches', 'Screen Type': 'HD display', 'Battery Life': '2-3 days'}",2023-12-03
32,Zero Terra Fit Smart Watch,"Rs. 6,999",https://images.priceoye.pk/zero-terra-fit-smart-watch-pakistan-priceoye-hnbz2-270x270.webp,https://priceoye.pk/smart-watches/zero/zero-terra-fit-smart-watch,PriceOye,"Smart-Watches, Zero",5.0,11 Ratings,"{'Display': '1.85 Inches', 'Screen Type': 'TFT Screen', 'Battery Life': '10 Days Typical Usage Time, 30 Days Standby Time'}",2023-12-03
33,Zero Buzz Max Smart Watch,"Rs. 7,599",https://images.priceoye.pk/zero-buzz-max-smart-watch-pakistan-priceoye-9ehzp-270x270.webp,https://priceoye.pk/smart-watches/zero/zero-buzz-max-smart-watch,PriceOye,"Smart-Watches, Zero",5.0,6 Ratings,"{'Display': '1.91 Inches', 'Screen Type': 'HD Screen', 'Battery Life': '7 Days Typical Usage Time, 30 Days Standby Time'}",2023-12-03
34,Zero Buzz Max SE Smart Watch,"Rs. 7,899",https://images.priceoye.pk/zero-buzz-max-se-smart-watch-pakistan-priceoye-napgj-270x270.webp,https://priceoye.pk/smart-watches/zero/zero-buzz-max-se-smart-watch,PriceOye,"Smart-Watches, Zero",5.0,4 Ratings,"{'Display': '1.91 Inches', 'Screen Type': 'Curved Glass HD Display', 'Battery Life': '7 Days'}",2023-12-03
35,Zero Revoltt Smart Watch,"Rs. 12,999",https://images.priceoye.pk/zero-revoltt-smart-watch-pakistan-priceoye-ht60q-270x270.webp,https://priceoye.pk/smart-watches/zero/zero-revoltt-smart-watch,PriceOye,"Smart-Watches, Zero",5.0,1 Ratings,"{'Display': '1.43”', 'Screen Type': 'IPS', 'Battery Life': '2-3 days'}",2023-12-03
36,Zero Ninja Smart Watch,"Rs. 11,999",https://images.priceoye.pk/zero-ninja-smart-watch-pakistan-priceoye-8h9wj-270x270.webp,https://priceoye.pk/smart-watches/zero/zero-ninja-smart-watch,PriceOye,"Smart-Watches, Zero",5.0,1 Ratings,"{'Display': '1.78”', 'Screen Type': 'AMOLED full touch', 'Battery Life': '7-9 days'}",2023-12-03
37,Infinix INBook X2 1035G1 14 Inches Core i5 (8GB RAM - 512GB SSD),"Rs. 135,999",https://images.priceoye.pk/infinix-x2-14-core-i5-1035g1-pakistan-priceoye-skgmo-270x270.webp,https://priceoye.pk/laptops/infinix/infinix-inbook-x2-1035g1-14-inches-core-i5-8gb-ram-512gb-ssd,PriceOye,"Laptops, Infinix",5.0,2 Ratings,"{'Display': '14 inches', 'Generation': '10th gen', 'Processor': 'Intel® Core™ i5-1035G1', 'Internal Memory': '512 GB'}",2023-12-03
38,Infinix INBook Y1 Plus Laptop Core i3 (8GB-256GB SSD) International,"Rs. 99,999",https://images.priceoye.pk/infinix-inbook-y1-plus-laptop-core-i3-8gb-256gb-ssd-pakistan-priceoye-tjudb-270x270.webp,https://priceoye.pk/laptops/infinix/infinix-inbook-y1-plus-laptop-core-i3-8gb-256gb-ssd-international,PriceOye,"Laptops, Infinix",5.0,1 Ratings,"{'Display': '15.6\u2009inches', 'Generation': '10th Gen', 'Processor': '10th Gen Intel Core i3 1005G1', 'Internal Memory': '256 GB SSD'}",2023-12-03
39,Infinix INBook X2 1065G7 14 Inches Core i7 (8GB RAM - 512GB SSD),"Rs. 159,999",https://images.priceoye.pk/infinix-x2-14-core-i7-1065g7-pakistan-priceoye-dm5ev-270x270.webp,https://priceoye.pk/laptops/infinix/infinix-inbook-x2-14-inches-core-i5-8gb-ram-512gb-ssd,PriceOye,"Laptops, Infinix",5.0,2 Ratings,"{'Display': '14 - 14.9 Inches', 'Generation': '10th gen', 'Processor': 'Quad Core', 'Internal Memory': '512 GB'}",2023-12-03
40,Infinix Zerobook ZL 12 Core i7 (16GB RAM - 512GB SSD),"Rs. 211,999",https://images.priceoye.pk/infinix-zero-book-zl12-core-i7-pakistan-priceoye-go8fr-270x270.webp,https://priceoye.pk/laptops/infinix/infinix-zerobook-zl-12-core-i7-16gb-ram-512gb-ssd,PriceOye,"Laptops, Infinix",5.0,2 Ratings,"{'Display': '15.6 Inches', 'Generation': '12th Gen', 'Processor': 'Intel Core i7-12700H (12th Gen)', 'Internal Memory': '512 GB'}",2023-12-03
41,Infinix INBook X1 14 Inches Core i3 (8GB RAM - 256GB SSD),"Rs. 79,999",https://images.priceoye.pk/infinix-inbook-x1-14-inches-core-i3-8gb-ram-256gb-ssd-pakistan-priceoye-g76wj-270x270.webp,https://priceoye.pk/laptops/infinix/infinix-inbook-x1-14-inches-core-i3-8gb-ram-256gb-ssd,PriceOye,"Laptops, Infinix",5.0,1 Ratings,"{'Display': '14 Inches', 'Generation': '10 Generation', 'Processor': 'Intel Core i3', 'Internal Memory': '256 GB'}",2023-12-03
42,Infinix INBook X1 Pro 14 Inches Core i7 (16GB RAM - 512GB SSD),"Rs. 137,500",https://images.priceoye.pk/infinix-inbook-x1-pro-14-inches-core-i7-8gb-ram-512gb-ssd-pakistan-priceoye-639m8-270x270.webp,https://priceoye.pk/laptops/infinix/infinix-inbook-x1-pro-14-inches-core-i7-8gb-ram-512gb-ssd,PriceOye,"Laptops, Infinix",5.0,1 Ratings,"{'Display': '14 Inches', 'Generation': '10th Generation', 'Processor': 'Intel Core i7', 'Internal Memory': '512 GB'}",2023-12-03
43,Infinix INBook X1 14 Inches Core i5 (8GB RAM - 512GB SSD),"Rs. 99,999",https://images.priceoye.pk/infinix-inbook-x1-14-inches-core-i5-8gb-ram-512gb-ssd-pakistan-priceoye-vbj9o-270x270.webp,https://priceoye.pk/laptops/infinix/infinix-inbook-x1-14-inches-core-i5-8gb-ram-512gb-ssd,PriceOye,"Laptops, Infinix",5.0,1 Ratings,"{'Display': '14 Inches', 'Generation': '10th Generation', 'Processor': 'Intel Core i5', 'Internal Memory': '512 GB'}",2023-12-03
44,Dell Latitude 3540 15.6 Inches 13th Gen Core i5 DOS (8GB - 256GB),"Rs. 226,999",https://images.priceoye.pk/dell-latitude-3540-15-6-inches-13th-gen-core-i5-dos-8gb-256gb-pakistan-priceoye-yp1c5-270x270.webp,https://priceoye.pk/laptops/dell/dell-latitude-3540-15-6-inches-13th-gen-core-i5-dos-8gb-256gb,PriceOye,"Laptops, Dell, Latitude, Inspiron, Alienware, Gaming, Vostro, XPS",5.0,1 Ratings,"{'Display': '15.6 Inches', 'Generation': '13th Generation', 'Processor': 'Intel Core i5 - 1335U', 'Internal Memory': '256 GB SSD'}",2023-12-03
45,Dell Latitude 15 3540 15.6 Inches 13th Gen Core i7 DOS (8GB - 512GB),"Rs. 344,999",https://images.priceoye.pk/dell-latitude-15-3540-15-6-inches-13th-gen-core-i7-dos-8gb-512gb-pakistan-priceoye-wan6a-270x270.webp,https://priceoye.pk/laptops/dell/dell-latitude-15-3540-15-6-inches-13th-gen-core-i7-dos-8gb-512gb,PriceOye,"Laptops, Dell, Latitude, Inspiron, Alienware, Gaming, Vostro, XPS",5.0,1 Ratings,"{'Display': '15.6 Inches', 'Generation': '13th Generation', 'Processor': 'Core i7 1355u Raptor Lake Processor (12 MB Intel Smart Cache)', 'Internal Memory': '512 GB SSD'}",2023-12-03
46,Dell Latitude 15 5540 15.6 Inches 13th Gen Core i7 DOS (8GB - 512GB),"Rs. 404,999",https://images.priceoye.pk/dell-latitude-15-5540-15-6-inches-13th-gen-core-i7-dos-8gb-512gb-pakistan-priceoye-uv2io-270x270.webp,https://priceoye.pk/laptops/dell/dell-latitude-15-5540-15-6-inches-13th-gen-core-i7-dos-8gb-512gb,PriceOye,"Laptops, Dell, Latitude, Inspiron, Alienware, Gaming, Vostro, XPS",5.0,1 Ratings,"{'Display': '15.6 Inches', 'Generation': '13th Generation', 'Processor': 'Core i7 1355u Raptor Lake Processor', 'Internal Memory': '512 GB SSD'}",2023-12-03
47,Dell Latitude E5430 14 Inches 12th Gen Core i7 Win 11 (16GB - 512GB),"Rs. 277,999",https://images.priceoye.pk/dell-latitude-e5430-14-inches-12th-gen-core-i7-windows-11-16gb-512gb-pakistan-priceoye-jeysc-270x270.webp,https://priceoye.pk/laptops/dell/dell-latitude-e5430-14-inches-12th-gen-core-i7-win-11-16gb-512gb,PriceOye,"Laptops, Dell, Latitude, Inspiron, Alienware, Gaming, Vostro, XPS",5.0,1 Ratings,"{'Display': '14 Inches', 'Generation': '12th Generation', 'Processor': 'Intel® Core™ i5-1235U', 'Internal Memory': '512 GB SSD'}",2023-12-03
48,Dell Vostro 3510 11th Gen 15.6 Inches Core i3 DOS (4GB - 256GB),"Rs. 106,999",https://images.priceoye.pk/dell-vostro-3510-11th-gen-core-i3-4gb-256gb-ssd-15-6-hd-pakistan-priceoye-hfony-270x270.webp,https://priceoye.pk/laptops/dell/dell-vostro-3510-11th-gen-15-6-inches-core-i3-dos-4gb-256gb,PriceOye,"Laptops, Dell, Latitude, Inspiron, Alienware, Gaming, Vostro, XPS",5.0,1 Ratings,"{'Display': '15.6 Inches', 'Generation': '11th Gen', 'Processor': 'Intel® Core™ i3-1115G4', 'Internal Memory': '256 GB SSD'}",2023-12-03
49,Dell Vostro 3510 11th Gen 15.6 Inches Core i5 DOS (4GB - 256GB),"Rs. 134,999",https://images.priceoye.pk/dell-vostro-3510-11th-gen-15-6-inches-core-i5-4gb-256gb-pakistan-priceoye-gkzbw-270x270.webp,https://priceoye.pk/laptops/dell/dell-vostro-3510-11th-gen-15-6-inches-core-i5-dos-4gb-256gb,PriceOye,"Laptops, Dell, Latitude, Inspiron, Alienware, Gaming, Vostro, XPS",5.0,1 Ratings,"{'Display': '15.6 Inches', 'Generation': '11th Gen', 'Processor': 'Intel® Core™ i5-1135G7', 'Internal Memory': '256 GB SSD'}",2023-12-03
50,Dell Inspiron 3501 15.6  Inches 11th Gen Core i5 DOS (8GB - 1TB),"Rs. 154,999",https://images.priceoye.pk/dell-inspiron-3501-15-6-inches-11th-gen-core-i5-dos-8gb-1tb-pakistan-priceoye-h3k4i-270x270.webp,https://priceoye.pk/laptops/dell/dell-inspiron-3501-15-6-inches-11th-gen-core-i5-dos-8gb-1tb,PriceOye,"Laptops, Dell, Latitude, Inspiron, Alienware, Gaming, Vostro, XPS",5.0,1 Ratings,"{'Display': '15.6 Inches', 'Generation': '11th Gen', 'Processor': 'Core i5', 'Internal Memory': '1 TB'}",2023-12-03
51,Dell Vostro 3510 11th Gen 15.6 Inches Core i5 DOS (8GB - 512GB),"Rs. 152,999",https://images.priceoye.pk/dell-vostro-3510-11th-gen-15-6-inches-core-i5-8gb-512gb-pakistan-priceoye-ihnu4-270x270.webp,https://priceoye.pk/laptops/dell/dell-vostro-3510-11th-gen-15-6-inches-core-i5-dos-8gb-512gb,PriceOye,"Laptops, Dell, Latitude, Inspiron, Alienware, Gaming, Vostro, XPS",5.0,1 Ratings,"{'Display': '15.6 Inches', 'Generation': '11th Gen', 'Processor': 'Intel® Core™ i5-1135G7', 'Internal Memory': '512 GB SSD'}",2023-12-03
52,Dell Vostro 3520 15.6 12th Gen Core i7 DOS (8GB - 512GB),"Rs. 234,999",https://images.priceoye.pk/dell-vostro-3520-15-6-12th-gen-core-i7-8gb-1tb-pakistan-priceoye-nan3e-270x270.webp,https://priceoye.pk/laptops/dell/dell-vostro-3520-15-6-12th-gen-core-i7-dos-8gb-512gb,PriceOye,"Laptops, Dell, Latitude, Inspiron, Alienware, Gaming, Vostro, XPS",5.0,1 Ratings,"{'Display': '15.6', 'Generation': '12th Gen', 'Processor': 'Intel Core i7-1255u Processor', 'Internal Memory': '512 GB SSD'}",2023-12-03
53,Dell Laptop Inspiron 5515 15.6 inches AMD Ryzen 7 (8GB RAM - 512GB SSD),"Rs. 195,499",https://images.priceoye.pk/dell-5515-15-6-inches-amd-ryzen-7-gaming-laptop-8gb-ram-512gb-ssd-pakistan-priceoye-1uhtu-270x270.webp,https://priceoye.pk/laptops/dell/dell-5515-15-6-inches-amd-ryzen-7-gaming-laptop-8gb-ram-512gb-ssd,PriceOye,"Laptops, Dell, Latitude, Inspiron, Alienware, Gaming, Vostro, XPS",5.0,1 Ratings,"{'Display': '15.6 Inches', 'Generation': 'AMD', 'Processor': 'AMD Ryzen™ 7 5700U (1.8 GHz base clock, up to 4.3 GHz max boost clock, 8 MB L3 cache, 8 cores, 16 threads)', 'Internal Memory': '512GB SSD'}",2023-12-03
54,Dell Inspiron 3515 15.6 inches AMD Ryzen 5 3450U (8GB - 256GB),"Rs. 134,499",https://images.priceoye.pk/dell-inspiron-3515-15-6-inches-amd-ryzen-5-3450u-8gb-256gb-pakistan-priceoye-qabij-270x270.webp,https://priceoye.pk/laptops/dell/dell-inspiron-3515-15-6-inches-amd-ryzen-5-3450u-8gb-256gb,PriceOye,"Laptops, Dell, Latitude, Inspiron, Alienware, Gaming, Vostro, XPS",5.0,1 Ratings,"{'Display': '15.6 Inches', 'Generation': 'AMD Ryzen 5', 'Processor': 'AMD Ryzen™ 5 3450U Mobile Processor with Radeon™ Vega 8 Graphics', 'Internal Memory': '256 GB M.2 PCIE NVME SSD HDD'}",2023-12-03
55,Dell Inspiron 5510 15.6 Inches 11th Gen Core i5 11300H (8GB - 256GB),"Rs. 169,999",https://images.priceoye.pk/dell-inspiron-5510-15-6-inches-11th-gen-core-i5-11300h-8gb-256gb-pakistan-priceoye-xr8yg-270x270.webp,https://priceoye.pk/laptops/dell/dell-inspiron-5510-15-6-inches-11th-gen-core-i5-11300h-8gb-256gb,PriceOye,"Laptops, Dell, Latitude, Inspiron, Alienware, Gaming, Vostro, XPS",5.0,1 Ratings,"{'Display': '15.6 Inches', 'Generation': '11th Gen', 'Processor': 'Core I5-11320H', 'Internal Memory': '256GBM.2 PCIE NVME SSD HDD'}",2023-12-03
56,Dell Inspiron 2 in 1 14 Inches Core i7 (8GB RAM - 512GB SSD),"Rs. 225,000",https://images.priceoye.pk/dell-inspiron-2-in-1-14-inches-core-i7-8gb-ram-512gb-ssd-pakistan-priceoye-a4qo6-270x270.webp,https://priceoye.pk/laptops/dell/dell-inspiron-2-in-1-14-inches-core-i7-8gb-ram-512gb-ssd,PriceOye,"Laptops, Dell, Latitude, Inspiron, Alienware, Gaming, Vostro, XPS",5.0,1 Ratings,"{'Display': '14 Inches', 'Generation': '11th Generation', 'Processor': 'Intel Core i7', 'Internal Memory': '512GB SSD'}",2023-12-03
57,Dell Inspiron 5510 15.6 Inches 11 Gen Core i5 11320H (8GB RAM - 512GB SSD),"Rs. 172,999",https://images.priceoye.pk/dell-inspiron-5510-15-6-inches-core-i5-11320h-processor-8gb-ram-512gb-ssd-pakistan-priceoye-1qvgn-270x270.webp,https://priceoye.pk/laptops/dell/dell-inspiron-5510-15-6-inches-11-gen-core-i5-11320h-8gb-ram-512gb-ssd,PriceOye,"Laptops, Dell, Latitude, Inspiron, Alienware, Gaming, Vostro, XPS",5.0,1 Ratings,"{'Display': '15.6 Inches', 'Generation': '11th Generation', 'Processor': 'Core i5 -11320H', 'Internal Memory': '512GB SSD'}",2023-12-03
58,Dell Inspiron 5510 15.6 Inches 11 Gen Core i7 11370H (8GB RAM - 512GB SSD),"Rs. 186,000",https://images.priceoye.pk/dell-inspiron-15-6-inches-core-i7-11370h-processor-8gb-ram-512gb-ssd-pakistan-priceoye-hwt3y-270x270.webp,https://priceoye.pk/laptops/dell/dell-inspiron-5510-15-6-inches-11-gen-core-i7-11370h-8gb-ram-512gb-ssd,PriceOye,"Laptops, Dell, Latitude, Inspiron, Alienware, Gaming, Vostro, XPS",5.0,1 Ratings,"{'Display': '15.6 Inches', 'Generation': '11th Generation', 'Processor': 'Core i5 -  11370H', 'Internal Memory': '512GB SSD'}",2023-12-03
59,Dell Inspiron 5410 14 Inches 11Gen Core i5 11300H (8GB RAM - 256GB SSD),"Rs. 156,000",https://images.priceoye.pk/dell-inspiron-5410-14-inches-core-i5-11300h-processor-8gb-ram-256gb-ssd-pakistan-priceoye-480th-270x270.webp,https://priceoye.pk/laptops/dell/dell-inspiron-5410-14-inches-11gen-core-i5-11300h-8gb-ram-256gb-ssd,PriceOye,"Laptops, Dell, Latitude, Inspiron, Alienware, Gaming, Vostro, XPS",5.0,1 Ratings,"{'Display': '14 Inches', 'Generation': '11th Generation', 'Processor': 'Core i5 - 11300H', 'Internal Memory': '256GB SSD'}",2023-12-03
60,Dell XPS 9310 13.4 Inches Core i5 1135G7 (8GB RAM - 512GB SSD),"Rs. 304,000",https://images.priceoye.pk/dell-xps-9310-13-4-inches-core-i5-1135g7-8gb-ram-512gb-ssd-pakistan-priceoye-5ojy9-270x270.webp,https://priceoye.pk/laptops/dell/dell-xps-9310-13-4-inches-core-i5-1135g7-8gb-ram-512gb-ssd,PriceOye,"Laptops, Dell, Latitude, Inspiron, Alienware, Gaming, Vostro, XPS",5.0,1 Ratings,"{'Display': '13.4 Inches', 'Generation': '11th Generation', 'Processor': 'Intel Core i5 -1135G7', 'Internal Memory': '512GB SSD'}",2023-12-03
61,Dell Vostro 3500 15.6 inches Core i3 (4GB RAM - 1TB HDD),"Rs. 79,900",https://images.priceoye.pk/mi-true-wireless-earphones-2-basic-pakistan-priceoye-tgaev-270x270.webp,https://priceoye.pk/laptops/dell/dell-vostro-3500-15-6-inches-core-i3-4gb-ram-1tb-hdd,PriceOye,"Laptops, Dell, Latitude, Inspiron, Alienware, Gaming, Vostro, XPS",5.0,1 Ratings,"{'Display': '15.6 inches', 'Generation': '11th Generation', 'Processor': 'Intel Core i3', 'Internal Memory': '01 TeraByte HDD'}",2023-12-03
62,Dell Inspiron 3501 15.6 inches Core i5 1135G7 (4GB RAM - 1TB HDD),"Rs. 128,500",https://images.priceoye.pk/dell-inspiron-3501-15-6-inches-core-i5-1135g7-4gb-ram-1tb-hdd-pakistan-priceoye-kwb1c-270x270.webp,https://priceoye.pk/laptops/dell/dell-inspiron-3501-15-6-inches-core-i5-1135g7-4gb-ram-1tb-hdd,PriceOye,"Laptops, Dell, Latitude, Inspiron, Alienware, Gaming, Vostro, XPS",5.0,1 Ratings,"{'Display': '15.6 inches', 'Generation': '11th Generation', 'Processor': 'Intel Core i5 -1135G7', 'Internal Memory': '1TB'}",2023-12-03
63,Dell XPS 9300 13.4 Inches Core i7 (16GB RAM - 512GB SSD),"Rs. 282,000",https://images.priceoye.pk/dell-xps-9300-13-4-inches-core-i7-16gb-ram-512gb-ssd-pakistan-priceoye-3nmi0-270x270.webp,https://priceoye.pk/laptops/dell/dell-xps-9300-13-4-inches-core-i7-16gb-ram-512gb-ssd,PriceOye,"Laptops, Dell, Latitude, Inspiron, Alienware, Gaming, Vostro, XPS",5.0,1 Ratings,"{'Display': '13.4 Inches', 'Generation': '10th Generation', 'Processor': 'Intel Core i7', 'Internal Memory': '512GB SSD'}",2023-12-03
64,Dell Latitude 5400 14 Inches Core i7 (8GB RAM - 256GB SSD),"Rs. 112,000",https://images.priceoye.pk/dell-latitude-5400-14-inces-core-i7-8gb-ram-256gb-ssd-pakistan-priceoye-6v6mq-270x270.webp,https://priceoye.pk/laptops/dell/dell-latitude-5400-14-inces-core-i7-8gb-ram-256gb-ssd,PriceOye,"Laptops, Dell, Latitude, Inspiron, Alienware, Gaming, Vostro, XPS",5.0,1 Ratings,"{'Display': '14 Inches', 'Generation': '08th Generation', 'Processor': 'Intel Core i7', 'Internal Memory': '256GB SSD'}",2023-12-03
65,Dell XPS 9310 13.4 Inches Core i7 (8GB RAM - 256GB SSD),"Rs. 237,000",https://images.priceoye.pk/dell-xps-9310-13-4-inches-core-i7-8gb-ram-256gb-ssd-pakistan-priceoye-kukh4-270x270.webp,https://priceoye.pk/laptops/dell/dell-xps-9310-13-4-inches-core-i7-8gb-ram-256gb-ssd,PriceOye,"Laptops, Dell, Latitude, Inspiron, Alienware, Gaming, Vostro, XPS",5.0,1 Ratings,"{'Display': '13.4 Inches', 'Generation': '11th Generation', 'Processor': 'Intel Core i7', 'Internal Memory': '256GB SSD'}",2023-12-03
66,Dell Inspiron 5402 14 Inches Core i5 (8GB RAM - 512GB SSD),"Rs. 157,000",https://images.priceoye.pk/dell-inspiron-5402-14-inches-core-i5-8gb-ram-512gb-ssd-pakistan-priceoye-tja08-270x270.webp,https://priceoye.pk/laptops/dell/dell-inspiron-5402-14-inches-core-i5-8gb-ram-512gb-ssd,PriceOye,"Laptops, Dell, Latitude, Inspiron, Alienware, Gaming, Vostro, XPS",5.0,1 Ratings,"{'Display': '14 Inches', 'Generation': '11th Generation', 'Processor': 'Intel Core i5', 'Internal Memory': '512GB SSD'}",2023-12-03
67,Dell Inspiron 5310 13.3 inches Core i5 11300H (8GB RAM - 512GB SSD),"Rs. 174,000",https://images.priceoye.pk/dell-inspiron-5310-15-6-inches-core-i3-1115g4-4gb-ram-1tb-hdd-pakistan-priceoye-oxzjx-270x270.webp,https://priceoye.pk/laptops/dell/dell-inspiron-5310-15-6-inches-core-i3-1115g4-4gb-ram-1tb-hdd,PriceOye,"Laptops, Dell, Latitude, Inspiron, Alienware, Gaming, Vostro, XPS",5.0,1 Ratings,"{'Display': '15.6 Inches', 'Generation': '11th Generation', 'Processor': 'Intel Core i5 11300H', 'Internal Memory': '512GB SSD'}",2023-12-03
68,Dell Inspiron 5410 14 Inches 11th Gen Core i5 1155G7 (8GB RAM - 512GB),"Rs. 205,456",https://images.priceoye.pk/dell-inspiron-14-5410-2-in-1-14-inch-11th-gen-core-i5-8gb-4gbx2-ram-512-gb-m-2-pcie-nvme-ssd-nvidia-ge-force-mx350-2gb-gddr5-graphics-pakistan-priceoye-kgbgg-270x270.webp,https://priceoye.pk/laptops/dell/dell-inspiron-5410-14-inches-11th-gen-core-i5-intel-iris-xe-graphics-8gb-ram-512gb,PriceOye,"Laptops, Dell, Latitude, Inspiron, Alienware, Gaming, Vostro, XPS",5.0,1 Ratings,"{'Display': '14', 'Generation': '11th Generation', 'Processor': 'Core i5 1155G7', 'Internal Memory': '512 GB M.2 PCIE NVME SSD HDD'}",2023-12-03
69,Dell Inspiron 3501 15.6 Inches 11th Gen Core i5 (8GB RAM - 1TB SATA),"Rs. 145,962",https://images.priceoye.pk/dell-inspiron-3501-15-6-inches-11th-gen-core-i5-8gb-1tb-pakistan-priceoye-sw0kt-270x270.webp,https://priceoye.pk/laptops/dell/dell-inspiron-3501-15-6-inches-11th-gen-core-i5-8gbram-1tb-sata,PriceOye,"Laptops, Dell, Latitude, Inspiron, Alienware, Gaming, Vostro, XPS",5.0,1 Ratings,"{'Display': '15.6 Inches', 'Generation': '11th Generation', 'Processor': 'Core i5', 'Internal Memory': '1TB SATA'}",2023-12-03
70,Dell Inspiron 5310 13.3 Inches Core i7 11370H (8GB RAM–512GB SSD),"Rs. 211,370",https://images.priceoye.pk/dell-inspiron-5310-13-3-inches-core-i7-11370h-8gb-ram-512gb-ssd-pakistan-priceoye-75gtn-270x270.webp,https://priceoye.pk/laptops/dell/dell-inspiron-5310-13-3-inches-core-i7-11370h-8gb-ram-512gb-ssd,PriceOye,"Laptops, Dell, Latitude, Inspiron, Alienware, Gaming, Vostro, XPS",5.0,1 Ratings,"{'Display': '13.3 Inches', 'Generation': '11th Generation', 'Processor': 'Intel Iris Xe Graphics', 'Internal Memory': '512GB SSD'}",2023-12-03
71,Dell Inspiron 3511 15.6-inches 11 Gen Core i5 (4GB RAM- 1TB SATA),"Rs. 155,693",https://images.priceoye.pk/dell-inspiron-3511-15-6-inches-11-gen-core-i5-4gb-ram-1tb-sata-pakistan-priceoye-hpi30-270x270.webp,https://priceoye.pk/laptops/dell/dell-inspiron-3511-15-6-inches-11-gen-core-i5-4gb-ram-1tb-sata,PriceOye,"Laptops, Dell, Latitude, Inspiron, Alienware, Gaming, Vostro, XPS",5.0,1 Ratings,"{'Display': '15.6 Inches', 'Generation': '11 Gen', 'Processor': 'Core  I5-1135G7', 'Internal Memory': '1TB SATA'}",2023-12-03
72,Dell XPS 13 1165 G7 13.3 11 Gen Core i7-9305 (8GB - 512GB),"Rs. 330,999",https://images.priceoye.pk/dell-xps-13-1165-g7-13-3-11-gen-core-i7-9305-8gb-512gb-pakistan-priceoye-4ozfh-270x270.webp,https://priceoye.pk/laptops/dell/dell-xps-13-1165-g7-13-3-11-gen-core-i7-9305-8gb-512gb,PriceOye,"Laptops, Dell, Latitude, Inspiron, Alienware, Gaming, Vostro, XPS",5.0,1 Ratings,"{'Display': '13.3 inches', 'Generation': '11th Generation', 'Processor': '11th Generation Intel Core i7-1165G7 Tiger Lake', 'Internal Memory': '512 GB SSD'}",2023-12-03
73,Dell Inspiron 2 in 1 14 Inches Core i5 (8GB RAM - 512GB SSD),"Rs. 181,000",https://images.priceoye.pk/dell-inspiron-2-in-1-14-inches-core-i5-8gb-ram-512gb-ssd-pakistan-priceoye-kps10-270x270.webp,https://priceoye.pk/laptops/dell/dell-inspiron-2-in-1-14-inches-core-i5-8gb-ram-512gb-ssd,PriceOye,"Laptops, Dell, Latitude, Inspiron, Alienware, Gaming, Vostro, XPS",5.0,1 Ratings,"{'Display': '14 Inches', 'Generation': '11th Generation', 'Processor': 'Intel Core i5', 'Internal Memory': '512GB SSD'}",2023-12-03
74,Dell Inspiron 5510 15.6 Inches 11 Gen Core i5 11320H (8GB RAM - 256GB SSD),"Rs. 167,000",https://images.priceoye.pk/dell-inspiron-5510-15-6-inches-core-i5-8gb-ram-256gb-ssd-pakistan-priceoye-ooosx-270x270.webp,https://priceoye.pk/laptops/dell/dell-inspiron-5510-15-6-inches-11-gen-core-i5-11320h-8gb-ram-256gb-ssd,PriceOye,"Laptops, Dell, Latitude, Inspiron, Alienware, Gaming, Vostro, XPS",5.0,1 Ratings,"{'Display': '15.6 Inches', 'Generation': '11th Generation', 'Processor': 'Intel Core i5 11320H', 'Internal Memory': '256GB SSD'}",2023-12-03
75,Dell Inspiron 5510 15.6 Inches 11 Gen Core i5 11300H (8GB RAM - 512GB SSD),"Rs. 162,999",https://images.priceoye.pk/dell-inspiron-5510-15-6-inches-core-i5-8gb-ram-512gb-ssd-pakistan-priceoye-e2sdn-270x270.webp,https://priceoye.pk/laptops/dell/dell-inspiron-5510-15-6-inches-core-i5-11300h-8gb-ram-512gb-ssd,PriceOye,"Laptops, Dell, Latitude, Inspiron, Alienware, Gaming, Vostro, XPS",5.0,1 Ratings,"{'Display': '15.6 Inches', 'Generation': '11th Generation', 'Processor': 'Intel Core i5 - 11300H', 'Internal Memory': '512GB SSD'}",2023-12-03
76,Dell Inspiron 5510 15.6 Inches 11 Gen Core i7 11390H (8GB RAM - 512GB SSD),"Rs. 190,000",https://images.priceoye.pk/dell-inspiron-pakistan-priceoye-hk6fx-270x270.webp,https://priceoye.pk/laptops/dell/dell-inspiron-5510-15-6-inches-11-gen-core-i7-11390h-8gb-ram-512gb-ssd,PriceOye,"Laptops, Dell, Latitude, Inspiron, Alienware, Gaming, Vostro, XPS",5.0,1 Ratings,"{'Display': '15.6 Inches', 'Generation': '11th Generation', 'Processor': 'Intel Core i7-11390H', 'Internal Memory': '512GB SSD'}",2023-12-03
77,Dell XPS 9310 13.4 Inches Core i7 1185G7 (16GB RAM - 512GB SSD),"Rs. 395,000",https://images.priceoye.pk/dell-xps-9310-13-4-inches-core-i7-1185g7-16gb-ram-512gb-ssd-pakistan-priceoye-fm9ch-270x270.webp,https://priceoye.pk/laptops/dell/dell-xps-9310-13-4-inches-core-i7-1185g7-16gb-ram-512gb-ssd,PriceOye,"Laptops, Dell, Latitude, Inspiron, Alienware, Gaming, Vostro, XPS",5.0,1 Ratings,"{'Display': '13.4 Inches', 'Generation': '11th Generation', 'Processor': 'Core i7 - 1185G7', 'Internal Memory': '512GB SSD'}",2023-12-03
78,Dell Latitude 3520 I5.6 Inches Core i5 1135G7 (8G RAM - 256GB SSD),"Rs. 140,000",https://images.priceoye.pk/dell-latitude-3520-i5-6-inches-core-i5-1135g7-8g-ram-256gb-ssd-pakistan-priceoye-8j3uo-270x270.webp,https://priceoye.pk/laptops/dell/dell-latitude-3520-i5-6-inches-core-i5-1135g7-8g-ram-256gb-ssd,PriceOye,"Laptops, Dell, Latitude, Inspiron, Alienware, Gaming, Vostro, XPS",5.0,1 Ratings,"{'Display': '15.6 Inches', 'Generation': '11th Generation', 'Processor': 'Intel Core i5 - 1135G7', 'Internal Memory': '256GB SSD'}",2023-12-03
79,Dell Vostro 3510 Core i5 1135G7 (8G RAM - 256GB SSD),"Rs. 105,000",https://images.priceoye.pk/dell-vostro-3510-core-i5-1135g7-8g-ram-256gb-ssd-pakistan-priceoye-l9say-270x270.webp,https://priceoye.pk/laptops/dell/dell-vostro-3510-core-i5-1135g7-8g-ram-256gb-ssd,PriceOye,"Laptops, Dell, Latitude, Inspiron, Alienware, Gaming, Vostro, XPS",5.0,1 Ratings,"{'Display': '15.6 Inches', 'Generation': '11th Generation', 'Processor': 'Intel Core i5 -1135G7', 'Internal Memory': '256GB SSD'}",2023-12-03
80,Dell Inspiron 15.6 Inches AMD Ryzen 7 (16GB RAm - 1TB SSD),"Rs. 172,000",https://images.priceoye.pk/dell-inspiron-15-6-inches-amd-ryzen-7-16gb-ram-1tb-ssd-pakistan-priceoye-93e09-270x270.webp,https://priceoye.pk/laptops/dell/dell-inspiron-15-6-inches-amd-ryzen-7-16gb-ram-1tb-ssd,PriceOye,"Laptops, Dell, Latitude, Inspiron, Alienware, Gaming, Vostro, XPS",5.0,1 Ratings,"{'Display': '15.6 Inches', 'Generation': 'AMD', 'Processor': 'AMD Ryzen 7 5700U', 'Internal Memory': '1TB SSD'}",2023-12-03
81,Dell Inspiron 3515 15.6 inches AMD Ryzen 7 3700U (8GB - 512GB),"Rs. 161,000",https://images.priceoye.pk/dell-inspiron-3515-15-6-inches-amd-ryzen-7-3700u-8gb-512gb-pakistan-priceoye-xdnzo-270x270.webp,https://priceoye.pk/laptops/dell/dell-inspiron-3515-15-6-inches-amd-ryzen-7-3700u-8gb-512gb,PriceOye,"Laptops, Dell, Latitude, Inspiron, Alienware, Gaming, Vostro, XPS",5.0,1 Ratings,"{'Display': '15.6-inch', 'Generation': 'AMD Ryzen7', 'Processor': 'AMD Ryzen™ 7 3700U Mobile Processor with Radeon', 'Internal Memory': '512 GB M.2 PCIE NVME SSD HDD'}",2023-12-03
82,Dell Inspiron 5410 14 Inches 11th Gen Core i5 1155G7 NVIDIA GE FORCE MX350 2GB GDDR5 GRAPHICS (8GB RAM - 512GB),"Rs. 210,000",https://images.priceoye.pk/dell-inspiron-5410-14-inches-11th-gen-core-i5-1155g7-nvidia-ge-force-mx350-2gb-gddr5-graphics-8gb-ram-512gb-pakistan-priceoye-0hfr7-270x270.webp,https://priceoye.pk/laptops/dell/dell-inspiron-5410-14-inches-11th-gen-core-i5-1155g7-nvidia-ge-force-mx350-2gb-gddr5-graphics-8gb-ram-512gb,PriceOye,"Laptops, Dell, Latitude, Inspiron, Alienware, Gaming, Vostro, XPS",5.0,1 Ratings,"{'Display': '14 inches', 'Generation': '11 gen', 'Processor': 'Core i5 1155G7', 'Internal Memory': '512 GB M.2 PCIE NVME SSD HDD'}",2023-12-03
83,Dell Gaming G5 15.6 inches 11 gen Core I7-11800H NVIDIA GeFORCE RTX-3050 Ti with 4GB GDDR6 (16gb - 512gb),"Rs. 330,500",https://images.priceoye.pk/dell-gaming-g5-15-6-inches-11-gen-core-i7-11800h-nvidia-geforce-rtx-3050-ti-with-4gb-gddr6-16gb-512gb-pakistan-priceoye-0n13x-270x270.webp,https://priceoye.pk/laptops/dell/dell-gaming-g5-15-6-inches-11-gen-core-i7-11800h-nvidia-geforce-rtx-3050-ti-with-4gb-gddr6-16gb-512gb,PriceOye,"Laptops, Dell, Latitude, Inspiron, Alienware, Gaming, Vostro, XPS",5.0,1 Ratings,"{'Display': '15.6 Inches', 'Generation': '11th Generation', 'Processor': '4.6 GHz core_i7_family', 'Internal Memory': '\u200e512 GB SSD'}",2023-12-03
84,Dell Gaming G5 15.6 inches Ryzen 7 5800H NVIDIA GeFORCE RTX-3050 (16gb - 512gb),"Rs. 268,000",https://images.priceoye.pk/dell-gaming-g5-15-6-inches-ryzen-7-5800h-nvidia-geforce-rtx-3050-16gb-512gb-pakistan-priceoye-c3wr3-270x270.webp,https://priceoye.pk/laptops/dell/dell-gaming-g5-15-6-inches-ryzen-7-5800h-nvidia-geforce-rtx-3050-16gb-512gb,PriceOye,"Laptops, Dell, Latitude, Inspiron, Alienware, Gaming, Vostro, XPS",5.0,1 Ratings,"{'Display': '15.6 Inches', 'Generation': 'AMD Ryzen 7', 'Processor': 'AMD RYZEN R7-5800H', 'Internal Memory': '512 GB  SSD'}",2023-12-03
85,Dell Inspiron 5410 14 Inches 11Gen Core i5 11300H (8GB RAM - 512GB SSD),"Rs. 162,000",https://images.priceoye.pk/dell-inspiron-5410-14-inches-core-i5-11300h-processor-8gb-ram-512gb-ssd-pakistan-priceoye-f1k33-270x270.webp,https://priceoye.pk/laptops/dell/dell-inspiron-5410-14-inches-11gen-core-i5-11300h-8gb-ram-512gb-ssd,PriceOye,"Laptops, Dell, Latitude, Inspiron, Alienware, Gaming, Vostro, XPS",5.0,1 Ratings,"{'Display': '14 Inches', 'Generation': '11th Generation', 'Processor': 'Core i5 - 11300H', 'Internal Memory': '512GB SSD'}",2023-12-03
86,Dell Latitude 3520 15.6 Inches Core i7 1165G7 (8GRAM - 512GB SSD),"Rs. 195,500",https://images.priceoye.pk/dell-latitude-3520-15-6-inches-core-i7-1165g7-8gram-512gb-ssd-pakistan-priceoye-78kys-270x270.webp,https://priceoye.pk/laptops/dell/dell-latitude-3520-15-6-inches-core-i7-1165g7-8gram-512gb-ssd,PriceOye,"Laptops, Dell, Latitude, Inspiron, Alienware, Gaming, Vostro, XPS",5.0,1 Ratings,"{'Display': '15.6 Inches', 'Generation': '11th Generation', 'Processor': 'Intel Core i7-1165G7', 'Internal Memory': '512GB SSD'}",2023-12-03
87,Dell Latitude 3520 15.6 inches Core i5 (8GB RAM - 256GB SSD),"Rs. 135,900",https://images.priceoye.pk/dell-pakistan-priceoye-xwor7-270x270.webp,https://priceoye.pk/laptops/dell/dell-latitude-3520-15-6-inches-core-i5-8gb-ram-256gb-ssd,PriceOye,"Laptops, Dell, Latitude, Inspiron, Alienware, Gaming, Vostro, XPS",5.0,1 Ratings,"{'Display': '15.6 inches', 'Generation': '11th Generation', 'Processor': 'Intel Core i5', 'Internal Memory': '256 GB SSD'}",2023-12-03
88,Dell Inspiron 5402 14 Inches Core i7 (8GB RAM - 512GB SSD),"Rs. 176,000",https://images.priceoye.pk/dell-inspiron-5402-14-inches-core-i7-8gb-ram-512gb-ssd-pakistan-priceoye-yt1ib-270x270.webp,https://priceoye.pk/laptops/dell/dell-inspiron-5402-14-inches-core-i7-8gb-ram-512gb-ssd,PriceOye,"Laptops, Dell, Latitude, Inspiron, Alienware, Gaming, Vostro, XPS",5.0,1 Ratings,"{'Display': '14 Inches', 'Generation': '11th Generation', 'Processor': 'Intel Core i7', 'Internal Memory': '512GB SSD'}",2023-12-03
89,Dell Inspiron 5410 14 Inches 11th Gen Core i5 1135G7 NVIDIA GE FORCE MX350 (8GB RAM-512GB SSD),"Rs. 222,504",https://images.priceoye.pk/dell-inspiron-14-5410-2-in-1-14-inch-11th-gen-core-i5-8gb-4gbx2-ram-512-gb-m-2-pcie-nvme-ssd-intel-iris-xe-graphics-pakistan-priceoye-qidsm-270x270.webp,https://priceoye.pk/laptops/dell/dell-inspiron-5410-14-inches-11th-gen-core-i5-1135g7-nvidia-ge-force-mx350-8gb-ram-512gb-ssd,PriceOye,"Laptops, Dell, Latitude, Inspiron, Alienware, Gaming, Vostro, XPS",5.0,1 Ratings,"{'Display': '14 inches', 'Generation': '11th Generation', 'Processor': 'Core i5 1135G7', 'Internal Memory': '512 GB M.2 PCIE NVME SSD HDD'}",2023-12-03
90,Dell XPS 13.4 inches 9310 11 Gen Corei5 1135G7 (8gb - 512gb),"Rs. 360,800",https://images.priceoye.pk/dell-xps-13-4-inches-9310-11-gen-corei5-1135g7-8gb-512gb-pakistan-priceoye-1gmhl-270x270.webp,https://priceoye.pk/laptops/dell/dell-xps-13-4-inches-9310-11-gen-corei5-1135g7-8gb-512gb,PriceOye,"Laptops, Dell, Latitude, Inspiron, Alienware, Gaming, Vostro, XPS",5.0,1 Ratings,"{'Display': '13.4 inches', 'Generation': '11th Gen', 'Processor': 'Intel Core i5', 'Internal Memory': '512GB SSD'}",2023-12-03
91,Dell Inspiron 3501 15.6 inches Core i3 1115G4 (4GB RAM - 1TB HDD),"Rs. 88,999",https://images.priceoye.pk/dell-inspiron-3501-15-6-inches-core-i3-4gb-ram-1tb-hdd-pakistan-priceoye-jqj6g-270x270.webp,https://priceoye.pk/laptops/dell/dell-inspiron-3501-15-6-inches-core-i3-1115g4-4gb-ram-1tb-hdd,PriceOye,"Laptops, Dell, Latitude, Inspiron, Alienware, Gaming, Vostro, XPS",5.0,1 Ratings,"{'Display': '15.6 inches', 'Generation': '11th Generation', 'Processor': 'Intel Core i3', 'Internal Memory': '1TB HDD'}",2023-12-03
92,Dell Latitude 7400 14 Inches Core i5 (8GB RAM - 256GB SSD),"Rs. 93,000",https://images.priceoye.pk/dell-latitude-7400-14-inches-core-i5-8gb-ram-256gb-ssd-pakistan-priceoye-7drj7-270x270.webp,https://priceoye.pk/laptops/dell/dell-latitude-7400-14-inches-core-i5-8gb-ram-256gb-ssd,PriceOye,"Laptops, Dell, Latitude, Inspiron, Alienware, Gaming, Vostro, XPS",5.0,1 Ratings,"{'Display': '14 Inches', 'Generation': '08th Generation', 'Processor': 'Core i5-8365U', 'Internal Memory': '256GB SSD'}",2023-12-03
93,Dell Inspiron 3502 15.6 Inches Intel Celeron (4GB RAM - 128 GB SSD),"Rs. 86,199",https://images.priceoye.pk/dell-inspiron-3502-15-6-inches-intel-celeron-4gb-ram-128-gb-ssd-pakistan-priceoye-cc7vk-270x270.webp,https://priceoye.pk/laptops/dell/dell-inspiron-3502-15-6-inches-intel-celeron-4gb-ram-128-gb-ssd,PriceOye,"Laptops, Dell, Latitude, Inspiron, Alienware, Gaming, Vostro, XPS",5.0,1 Ratings,"{'Display': '15.6 Inches', 'Generation': 'No Generation', 'Processor': 'Intel Celeron N4020', 'Internal Memory': '128GB SSD'}",2023-12-03
94,Dell Inspiron 7506 15.6 Inches Core i7 (16GB RAM - 512GB SSD),"Rs. 207,000",https://images.priceoye.pk/dell-inspiron-7506-15-6-inches-core-i7-16gb-ram-512gb-ssd-pakistan-priceoye-qaatq-270x270.webp,https://priceoye.pk/laptops/dell/dell-inspiron-7506-15-6-inches-core-i7-16gb-ram-512gb-ssd,PriceOye,"Laptops, Dell, Latitude, Inspiron, Alienware, Gaming, Vostro, XPS",5.0,1 Ratings,"{'Display': '15.6 Inches', 'Generation': '11th Generation', 'Processor': 'Intel Core i7', 'Internal Memory': '512GB SSD'}",2023-12-03
95,Dell Inspiron 3511 15.6-inches 11th Gen Core i5 Win10 (8GB RAM- 1TB SATA),"Rs. 130,999",https://images.priceoye.pk/dell-inspiron-3511-15-6-inches-core-i5-8gb-ram-1tb-hdd-pakistan-priceoye-95n1w-270x270.webp,https://priceoye.pk/laptops/dell/dell-inspiron-3511-15-6-inches-11th-gen-core-i5-win10-8gb-ram-1tb-sata,PriceOye,"Laptops, Dell, Latitude, Inspiron, Alienware, Gaming, Vostro, XPS",5.0,1 Ratings,"{'Display': '15.6 Inches', 'Generation': '11 gen', 'Processor': 'Core i5', 'Internal Memory': '1TB SATA'}",2023-12-03
96,Dell XPS 9305 13.3 Inches Core i5 1135G7 (8GB Ram - 256GB SSD),"Rs. 235,000",https://images.priceoye.pk/dell-xps-9305-13-3-inches-core-i5-1135g7-processor-8gb-ram-256gb-ssd-pakistan-priceoye-7zbrq-270x270.webp,https://priceoye.pk/laptops/dell/dell-xps-9305-13-3-inches-core-i5-1135g7-8gb-ram-256gb-ssd,PriceOye,"Laptops, Dell, Latitude, Inspiron, Alienware, Gaming, Vostro, XPS",5.0,1 Ratings,"{'Display': '13.3 Inches', 'Generation': 'Core i5 -1135G7', 'Processor': 'Intel Core i5 - 1135G7', 'Internal Memory': '256GB SSD'}",2023-12-03
97,Dell Latitude 7420 14 Inches Core i7 1165G7 (16GB RAM - 512GB SSD),"Rs. 285,000",https://images.priceoye.pk/dell-latitude-7420-14-inches-core-i7-1165g7-16gb-ram-512gb-ssd-pakistan-priceoye-mmkp9-270x270.webp,https://priceoye.pk/laptops/dell/dell-latitude-7420-14-inches-core-i7-1165g7-16gb-ram-512gb-ssd,PriceOye,"Laptops, Dell, Latitude, Inspiron, Alienware, Gaming, Vostro, XPS",5.0,1 Ratings,"{'Display': '14 Inches', 'Generation': '11th Generation', 'Processor': 'Intel Core i7-1165G7', 'Internal Memory': '512GB SSD'}",2023-12-03
98,Dell Inspiron 5410 14 Inches 11th Gen Core i5 1135G7 (8GB RAM-512GB SSD),"Rs. 207,208",https://images.priceoye.pk/inspiron-5410-14-inches-11th-gen-core-i5-8gb-ram-512gb-ssd-pakistan-priceoye-kc25j-270x270.webp,https://priceoye.pk/laptops/dell/dell-inspiron-5410-14-inches-11th-gen-core-i5-8gb-ram-512gb-ssd,PriceOye,"Laptops, Dell, Latitude, Inspiron, Alienware, Gaming, Vostro, XPS",5.0,1 Ratings,"{'Display': '14 Inches', 'Generation': '11th Gen', 'Processor': 'Core i5 1135G7', 'Internal Memory': '512 GB M.2 PCIE NVME SSD HDD'}",2023-12-03
99,Dell Inspiron 3511 15.6-inches 11th Gen Core i5 Win11(8GB RAM- 1TB SATA),"Rs. 149,396",https://images.priceoye.pk/dell-inspiron-3511-15-6-inches-11-gen-core-i5-8gb-ram-1tb-sata-pakistan-priceoye-3gdl8-270x270.webp,https://priceoye.pk/laptops/dell/dell-inspiron-3511-15-6-inches-11th-gen-core-i5-win11-8gb-ram-1tb-sata,PriceOye,"Laptops, Dell, Latitude, Inspiron, Alienware, Gaming, Vostro, XPS",5.0,1 Ratings,"{'Display': '15.6 Inches', 'Generation': '11 Gen', 'Processor': 'Core i5', 'Internal Memory': '1TB SATA'}",2023-12-03
100,Dell XPS 15 9510 15.6 inches 11 gen Core i9-11900H  NVIDIA GEFORCE RTX3050 Ti 4GB GDDR6 (32gb-1tb),"Rs. 632,000",https://images.priceoye.pk/dell-xps-15-9510-15-6-inches-11-gen-core-i7-11900h-nvidia-geforce-rtx3050-ti-4gb-gddr6-32gb-1tb-pakistan-priceoye-ke6v8-270x270.webp,https://priceoye.pk/laptops/dell/dell-xps-15-9510-15-6-inches-11-gen-core-i7-11900h-nvidia-geforce-rtx3050-ti-4gb-gddr6-32gb-1tb,PriceOye,"Laptops, Dell, Latitude, Inspiron, Alienware, Gaming, Vostro, XPS",5.0,1 Ratings,"{'Display': '15.6-inch', 'Generation': '11 gen', 'Processor': 'Intel Core i9-11900H', 'Internal Memory': '1TB'}",2023-12-03
101,Dell Inspiron 5410 14 Inches 11 Gen Core i7 11370H (8GB RAM -512GB SSD),"Rs. 186,000",https://images.priceoye.pk/dell-inspiron-5410-14-inches-core-i7-11370h-processor-8gb-ram-512gb-ssd-pakistan-priceoye-n30uv-270x270.webp,https://priceoye.pk/laptops/dell/dell-inspiron-5410-14-inches-11-gen-core-i7-11370h-8gb-ram-512gb-ssd,PriceOye,"Laptops, Dell, Latitude, Inspiron, Alienware, Gaming, Vostro, XPS",5.0,1 Ratings,"{'Display': '14 Inches', 'Generation': '11th Generation', 'Processor': 'Core i7 - 11370H', 'Internal Memory': '512GB SSD'}",2023-12-03
102,Dell XPS 9510 15 Inches Core i7 11800H (16GB RAM - 1TB SSD),"Rs. 445,000",https://images.priceoye.pk/dell-xps-9510-15-inches-core-i7-11800h-16gb-ram-1tb-ssd-pakistan-priceoye-7zh9p-270x270.webp,https://priceoye.pk/laptops/dell/dell-xps-9510-15-inches-core-i7-11800h-16gb-ram-1tb-ssd,PriceOye,"Laptops, Dell, Latitude, Inspiron, Alienware, Gaming, Vostro, XPS",5.0,1 Ratings,"{'Display': '15.6 Inches', 'Generation': '11th Generation', 'Processor': 'Core i7 - 11800H', 'Internal Memory': '1TB HDD'}",2023-12-03
103,Dell Latitude 3520 15.6 Inches Core i3 1115G4 (8GB RAM - 256GB SSD),"Rs. 115,000",https://images.priceoye.pk/delllatitude-3520-i3-1115g4-8gb-256-fhd-bg-pakistan-priceoye-91mfi-270x270.webp,https://priceoye.pk/laptops/dell/dell-latitude-3520-15-6-inches-core-i3-1115g4-8gb-ram-256gb-ssd,PriceOye,"Laptops, Dell, Latitude, Inspiron, Alienware, Gaming, Vostro, XPS",5.0,1 Ratings,"{'Display': '15.6 Inches', 'Generation': '11th Generation', 'Processor': 'Intel Core i7-1165G7', 'Internal Memory': '256GB SSD'}",2023-12-03
104,Dell Latitude 5520 I5.6 Inches Core i5 1135G7 (8GB RAM - 256GB SSD),"Rs. 172,000",https://images.priceoye.pk/dell-latitude-5520-i5-6-inches-core-i5-1135g7-8gb-ram-256gb-ssd-pakistan-priceoye-w0xa7-270x270.webp,https://priceoye.pk/laptops/dell/dell-latitude-5520-i5-6-inches-core-i5-1135g7-8gb-ram-256gb-ssd,PriceOye,"Laptops, Dell, Latitude, Inspiron, Alienware, Gaming, Vostro, XPS",5.0,1 Ratings,"{'Display': '15.6 Inches', 'Generation': '11th Generation', 'Processor': 'Intel Core i5 - 1135G7', 'Internal Memory': '256GB SSD'}",2023-12-03
105,Dell Inspiron 7405 14 inches AMD Ryzen 5 (8GB RAM - 256GB SSD),"Rs. 122,500",https://images.priceoye.pk/dell-inspiron-7504-pakistan-priceoye-aex78-270x270.webp,https://priceoye.pk/laptops/dell/dell-inspiron-7504,PriceOye,"Laptops, Dell, Latitude, Inspiron, Alienware, Gaming, Vostro, XPS",5.0,1 Ratings,"{'Display': '14 inches', 'Generation': 'AMD', 'Processor': 'AMD® Ryzen™ 5 4500U', 'Internal Memory': '256 GB SSD'}",2023-12-03
106,Dell Inspiron 5406 14 Inches Core i5 (8GB RAM - 512GB SSD),"Rs. 178,000",https://images.priceoye.pk/dell-inspiron-5406-14-inches-core-i5-8gb-ram-512gb-ssd-pakistan-priceoye-oc0lk-270x270.webp,https://priceoye.pk/laptops/dell/dell-inspiron-5406-14-inches-core-i5-8gb-ram-512gb-ssd,PriceOye,"Laptops, Dell, Latitude, Inspiron, Alienware, Gaming, Vostro, XPS",5.0,1 Ratings,"{'Display': '14 Inches', 'Generation': '11th Generation', 'Processor': 'Intel Core i5', 'Internal Memory': '512GB SSD'}",2023-12-03
107,HP Laptop EQ2180AU 15.6 Inches AMD Ryzen 5 (8GB RAM - 512GBSSD),"Rs. 181,999",https://images.priceoye.pk/hp-laptop-eq2180au-15-6-inches-amd-ryzen-5-8gb-ram-512gbssd-pakistan-priceoye-76tjy-270x270.webp,https://priceoye.pk/laptops/hp/hp-laptop-eq2180au-15-6-inches-amd-ryzen-5-8gb-ram-512gbssd,PriceOye,"Laptops, HP, Notebook, Elitebook, ProBook, Zbook, Envy, Spectre, Omen, Dragonfly, victus",5.0,1 Ratings,"{'Display': '15.6', 'Generation': 'AMD', 'Processor': 'AMD® Ryzen 5 5500U Hexa-Core Processor', 'Internal Memory': '512 GB'}",2023-12-03
108,HP 15s FQ5098TU 15.6 Inches 12th Gen Core i5 Win 11 (8GB - 512GB),"Rs. 192,999",https://images.priceoye.pk/hp-15s-fq5098tu-15-6-inches-12th-gen-core-i5-8gb-512gb-pakistan-priceoye-zc72w-270x270.webp,https://priceoye.pk/laptops/hp/hp-15s-fq5098tu-15-6-inches-12th-gen-core-i5-win-11-8gb-512gb,PriceOye,"Laptops, HP, Notebook, Elitebook, ProBook, Zbook, Envy, Spectre, Omen, Dragonfly, victus",5.0,1 Ratings,"{'Display': '15.6 Inches', 'Generation': '12th Generation', 'Processor': 'Intel Core i5-1235u Processor', 'Internal Memory': '512 GB SSD'}",2023-12-03
109,HP ProBook 450 G9 15.6 Inches 12th Gen Core i5 Backlit Keyboard DOS (8GB - 512GB),"Rs. 254,999",https://images.priceoye.pk/hp-probook-450-g9-15-6-inches-12th-gen-core-i5-8gb-512gb-local-pakistan-priceoye-thxgt-270x270.webp,https://priceoye.pk/laptops/hp/hp-probook-450-g9-15-6-inches-12th-gen-core-i5-backlit-keyboard-dos-8gb-512gb,PriceOye,"Laptops, HP, Notebook, Elitebook, ProBook, Zbook, Envy, Spectre, Omen, Dragonfly, victus",5.0,1 Ratings,"{'Display': '15.6 Inches', 'Generation': '12th Generation', 'Processor': 'Intel Core i5-1235u', 'Internal Memory': '512 GB SSD'}",2023-12-03
110,HP Probook 450 G9 15.6 Inches 12th Gen Core i7 DOS (8GB - 512GB) Local,"Rs. 271,999",https://images.priceoye.pk/hp-probook-450-g9-15-6-inches-12th-gen-core-i7-8gb-512gb-local-pakistan-priceoye-px43e-270x270.webp,https://priceoye.pk/laptops/hp/hp-probook-450-g9-15-6-inches-12th-gen-core-i7-dos-8gb-512gb-local,PriceOye,"Laptops, HP, Notebook, Elitebook, ProBook, Zbook, Envy, Spectre, Omen, Dragonfly, victus",5.0,1 Ratings,"{'Display': '15.6 Inches', 'Generation': '12th Generation', 'Processor': 'Intel Core i7-1255u Processor', 'Internal Memory': '512 GB SSD'}",2023-12-03
111,HP Victus 16 R0073TX 16.1 Inches 13th Gen Core i5 Win 11 (16GB - 512GB),"Rs. 449,999",https://images.priceoye.pk/hp-victus-16-r0073tx-16-1-inches-13th-gen-core-i5-win-11-16gb-512gb-pakistan-priceoye-o9azb-270x270.webp,https://priceoye.pk/laptops/hp/hp-victus-16-r0073tx-16-1-inches-13th-gen-core-i5-win-11-16gb-512gb,PriceOye,"Laptops, HP, Notebook, Elitebook, ProBook, Zbook, Envy, Spectre, Omen, Dragonfly, victus",5.0,1 Ratings,"{'Display': '16.1 Inches', 'Generation': '13th Generation', 'Processor': 'Core i5 13500HX Raptor Lake', 'Internal Memory': '512 GB PCIe® Gen4 NVMe™ TLC M.2 SSD'}",2023-12-03
112,HP Pavilion 15 EG3002TX 15.6 Inches 13th Gen Core i5 Win 11 (8GB - 512GB),"Rs. 309,999",https://images.priceoye.pk/hp-pavilion-15-eg3002tx-15-6-inches-13th-gen-core-i5-win-11-8gb-512gb-pakistan-priceoye-p2bqs-270x270.webp,https://priceoye.pk/laptops/hp/hp-pavilion-15-eg3002tx-15-6-inches-13th-gen-core-i5-win-11-8gb-512gb,PriceOye,"Laptops, HP, Notebook, Elitebook, ProBook, Zbook, Envy, Spectre, Omen, Dragonfly, victus",5.0,1 Ratings,"{'Display': '15.6 Inches', 'Generation': '13th Generation', 'Processor': 'Intel i5-1335U', 'Internal Memory': '512 GB'}",2023-12-03
113,HP Pavilion 15 EH2033au 15.6 Inches AMD Ryzen 7 5825U Win 11 (16GB - 1TB),"Rs. 264,999",https://images.priceoye.pk/hp-pavilion-15-eh2033au-15-6-inches-amd-ryzen-7-5825u-win-11-16gb-1tb-pakistan-priceoye-v6uf7-270x270.webp,https://priceoye.pk/laptops/hp/hp-pavilion-15-eh2033au-15-6-inches-amd-ryzen-7-5825u-win-11-16gb-1tb,PriceOye,"Laptops, HP, Notebook, Elitebook, ProBook, Zbook, Envy, Spectre, Omen, Dragonfly, victus",5.0,1 Ratings,"{'Display': '15.6 Inches', 'Generation': 'AMD', 'Processor': 'AMD Ryzen™ 7 5825U', 'Internal Memory': '1 TB'}",2023-12-03
114,HP 15s FQ5096TU 15.6 Inches 12th Gen Core i3 Win 11 (4GB - 256GB),"Rs. 127,999",https://images.priceoye.pk/hp-15s-fq5096tu-15-6-inches-12th-gen-core-i3-4gb-256gb-pakistan-priceoye-h0y6j-270x270.webp,https://priceoye.pk/laptops/hp/hp-15s-fq5096tu-15-6-inches-12th-gen-core-i3-win-11-4gb-256gb,PriceOye,"Laptops, HP, Notebook, Elitebook, ProBook, Zbook, Envy, Spectre, Omen, Dragonfly, victus",5.0,1 Ratings,"{'Display': '15.6 Inches', 'Generation': '12th Generation', 'Processor': 'Intel Core i3-1215U', 'Internal Memory': '256 GB SSD'}",2023-12-03
115,HP Envy 16 H1008TX 16 Inches 13th Gen Core i5 Win 11 (16GB - 512GB),"Rs. 429,999",https://images.priceoye.pk/hp-envy-h1008tx-16-inches-13th-gen-core-i5-windows-11-16gb-512gb-pakistan-priceoye-s44n9-270x270.webp,https://priceoye.pk/laptops/hp/hp-envy-16-h1008tx-16-inches-13th-gen-core-i5-win-11-16gb-512gb,PriceOye,"Laptops, HP, Notebook, Elitebook, ProBook, Zbook, Envy, Spectre, Omen, Dragonfly, victus",5.0,1 Ratings,"{'Display': '16 Inches', 'Generation': '13th Generation', 'Processor': 'Core i5 13500HX Raptor Lake', 'Internal Memory': '512 GB PCIe® Gen4 NVMe™ TLC M.2 SSD'}",2023-12-03
116,HP 15s FD0107TU 15.6 Inches 13th Gen Core i5 1335u Win 11 (8GB - 512GB),"Rs. 211,999",https://images.priceoye.pk/hp-15s-fd0107tu-15-6-inches-13th-gen-core-i5-1335u-win-11-8gb-512gb-pakistan-priceoye-cnyub-270x270.webp,https://priceoye.pk/laptops/hp/hp-15s-fd0107tu-15-6-inches-13th-gen-core-i5-1335u-win-11-8gb-512gb,PriceOye,"Laptops, HP, Notebook, Elitebook, ProBook, Zbook, Envy, Spectre, Omen, Dragonfly, victus",5.0,1 Ratings,"{'Display': '15.6 Inches', 'Generation': '13th Generation', 'Processor': 'Intel® Core™ i5-1335U', 'Internal Memory': '512 GB SSD'}",2023-12-03
117,HP 15s FC0100AU 15.6 Inches AMD Ryzen 5 7520U Win 11 (8GB - 512GB),"Rs. 209,999",https://images.priceoye.pk/hp-notebook-15-fc0100au-15-6-inches-amd-ryzen-5-7520u-win-11-8gb-512gb-pakistan-priceoye-6em7j-270x270.webp,https://priceoye.pk/laptops/hp/hp-15s-fc0100au-15-6-inches-amd-ryzen-5-7520u-win-11-8gb-512gb,PriceOye,"Laptops, HP, Notebook, Elitebook, ProBook, Zbook, Envy, Spectre, Omen, Dragonfly, victus",5.0,1 Ratings,"{'Display': '15.6 Inches', 'Generation': 'AMD Ryzen™ 5', 'Processor': 'AMD Ryzen™ 5 7520U', 'Internal Memory': '512 GB PCIe NVMe M.2 SSD'}",2023-12-03
118,HP Victus 16 R0074TX 16.1 Inches 13th Gen Core i7 Win 11 (16GB - 512GB),"Rs. 514,999",https://images.priceoye.pk/hp-victus-16-r0074tx-16-1-inches-13th-gen-core-i7-win-11-16gb-512gb-pakistan-priceoye-9n8b9.png,https://priceoye.pk/laptops/hp/hp-victus-16-r0074tx-16-1-inches-13th-gen-core-i7-win-11-16gb-512gb,PriceOye,"Laptops, HP, Notebook, Elitebook, ProBook, Zbook, Envy, Spectre, Omen, Dragonfly, victus",5.0,1 Ratings,"{'Display': '16.1 Inches', 'Generation': '13th Generation', 'Processor': 'Core i7 13700HX Raptor Lake', 'Internal Memory': '512 GB PCIe® Gen4 NVMe™ TLC M.2 SSD'}",2023-12-03
119,HP 15 DU1520TU 15.6 Inches Intel Celeron N4020 Dual Core Win 10 (4GB - 1TB),"Rs. 74,999",https://images.priceoye.pk/hp-15-du1520tu-15-6-inches-intel-celeron-n4020-dual-core-win-10-4gb-1tb-pakistan-priceoye-7gikg-270x270.webp,https://priceoye.pk/laptops/hp/hp-15-du1520tu-15-6-inches-intel-celeron-n4020-dual-core-win-10-4gb-1tb,PriceOye,"Laptops, HP, Notebook, Elitebook, ProBook, Zbook, Envy, Spectre, Omen, Dragonfly, victus",5.0,1 Ratings,"{'Display': '15.6 Inches', 'Generation': 'Intel Celeron', 'Processor': 'Intel Celeron N4020', 'Internal Memory': '1 TB'}",2023-12-03
120,HP 15s FQ5099TU 15.6 Inches 12th Gen Core i7 Win 11 (8GB - 512GB),"Rs. 219,999",https://images.priceoye.pk/hp-15s-fq5099tu-15-6-inches-12th-gen-core-i7-windows-11-8gb-512gb-pakistan-priceoye-drqnm-270x270.webp,https://priceoye.pk/laptops/hp/hp-15s-fq5099tu-15-6-inches-12th-gen-core-i7-win-11-8gb-512gb,PriceOye,"Laptops, HP, Notebook, Elitebook, ProBook, Zbook, Envy, Spectre, Omen, Dragonfly, victus",5.0,1 Ratings,"{'Display': '15.6 Inches', 'Generation': '12th Generation', 'Processor': 'Intel Core i7-1255u Processor (12 MB Cache)', 'Internal Memory': '512 GB'}",2023-12-03
121,HP Pavilion 15 EH2032au 15.6 Inches AMD Ryzen 5 5625U Win 11 (16GB - 512GB),"Rs. 244,999",https://images.priceoye.pk/hp-pavilion-15-eh2033au-15-6-inches-amd-ryzen-5-5625u-win-11-16gb-512gb-pakistan-priceoye-d2zcw-270x270.webp,https://priceoye.pk/laptops/hp/hp-pavilion-15-eh2032au-15-6-inches-amd-ryzen-5-5625u-win-11-16gb-512gb,PriceOye,"Laptops, HP, Notebook, Elitebook, ProBook, Zbook, Envy, Spectre, Omen, Dragonfly, victus",5.0,1 Ratings,"{'Display': '15.6 Inches', 'Generation': 'AMD', 'Processor': 'AMD Ryzen™ 5 5625U', 'Internal Memory': '512 GB'}",2023-12-03
122,HP Victus Gaming Laptop Core i7-12650H 16GB 512GB SSD (15-FA0032DX),"Rs. 320,000",https://images.priceoye.pk/hp-victus-gaming-laptop-core-i7-12650h-16gb-512gb-ssd-15-fa0032dx-pakistan-priceoye-jl1if-270x270.webp,https://priceoye.pk/laptops/hp/hp-victus-gaming-laptop-core-i7-12650h-16gb-512gb-ssd-15-fa0032dx,PriceOye,"Laptops, HP, Notebook, Elitebook, ProBook, Zbook, Envy, Spectre, Omen, Dragonfly, victus",5.0,1 Ratings,"{'Display': '15.6-inches', 'Generation': '12th Generation Intel Core', 'Processor': '12th Generation Intel Core i7-12650H Processor (10 Cores - 16 Threads)', 'Internal Memory': '512 GB'}",2023-12-03
123,HP ProBook 450 G9 15.6 Inches 12th Gen Core i5 Backlit Keyboard Win 11 (8GB - 512GB),"Rs. 269,000",https://images.priceoye.pk/hp-probook-450-g9-15-6-inches-12th-gen-core-i5-backlit-keyboard-8gb-512gb-windows-pakistan-priceoye-36uni-270x270.webp,https://priceoye.pk/laptops/hp/hp-probook-450-g9-15-6-inches-12th-gen-core-i5-backlit-keyboard-win-11-8gb-512gb,PriceOye,"Laptops, HP, Notebook, Elitebook, ProBook, Zbook, Envy, Spectre, Omen, Dragonfly, victus",5.0,1 Ratings,"{'Display': '15.6 Inches', 'Generation': '12th Generation', 'Processor': 'Intel® Core™ i5-1235U', 'Internal Memory': '512 GB SSD'}",2023-12-03
124,HP Pavilion 15 EG3020TX 15.6 Inches 13th Gen Core i7 Win 11 (16GB - 512GB),"Rs. 334,999",https://images.priceoye.pk/hp-pavilion-15-eg3020tx-15-6-inches-13th-gen-core-i7-windows-11-16gb-512-pakistan-priceoye-l6fak-270x270.webp,https://priceoye.pk/laptops/hp/hp-pavilion-15-eg3020tx-15-6-inches-13th-gen-core-i7-win-11-16gb-512gb,PriceOye,"Laptops, HP, Notebook, Elitebook, ProBook, Zbook, Envy, Spectre, Omen, Dragonfly, victus",5.0,1 Ratings,"{'Display': '15.6 Inches', 'Generation': '13th Generation Intel', 'Processor': 'Intel Core i7-1355U (up to 5.0 GHz with Intel', 'Internal Memory': '512 GB'}",2023-12-03
125,HP 250 G9 15.6 Inches 12th Gen core i5 DOS (8GB - 512GB),"Rs. 159,999",https://images.priceoye.pk/hp-250-g9-15-6-inches-12th-gen-core-i5-4gb-512gb-pakistan-priceoye-nw1qj-270x270.webp,https://priceoye.pk/laptops/hp/hp-250-g9-15-6-inches-12th-gen-core-i5-8gb-512gb,PriceOye,"Laptops, HP, Notebook, Elitebook, ProBook, Zbook, Envy, Spectre, Omen, Dragonfly, victus",5.0,1 Ratings,"{'Display': '15.6 Inches', 'Generation': '12th Generation', 'Processor': 'Intel Core i5-1235u', 'Internal Memory': '512 GB SSD'}",2023-12-03
126,HP Probook 450 G8 15.6 Inches 11th Gen Core i7 Win 10 (8GB - 512GB),"Rs. 259,999",https://images.priceoye.pk/hp-probook-450-g8-15-6-inches-11th-gen-core-i7-8gb-512gb-pakistan-priceoye-8tocf-270x270.webp,https://priceoye.pk/laptops/hp/hp-probook-450-g8-15-6-inches-11th-gen-core-i7-win-10-8gb-512gb,PriceOye,"Laptops, HP, Notebook, Elitebook, ProBook, Zbook, Envy, Spectre, Omen, Dragonfly, victus",5.0,1 Ratings,"{'Display': '15.6 Inches', 'Generation': '11th Generation', 'Processor': 'Intel Core i7-11th Gen 1165G7', 'Internal Memory': '512 GB SSD'}",2023-12-03
127,HP Probook 440 G8 14 Inches 11th Gen Core i5 Win 10 (8GB - 512GB),"Rs. 229,999",https://images.priceoye.pk/hp-probook-440-g8-14-inches-11th-gen-core-i5-windows-10-8gb-512gb-local-pakistan-priceoye-ib2m4-270x270.webp,https://priceoye.pk/laptops/hp/hp-probook-440-g8-14-inches-11th-gen-core-i5-win-10-8gb-512gb,PriceOye,"Laptops, HP, Notebook, Elitebook, ProBook, Zbook, Envy, Spectre, Omen, Dragonfly, victus",5.0,1 Ratings,"{'Display': '14 Inches', 'Generation': '11th Generation', 'Processor': 'Intel Core i5 1135G7 QuadCore', 'Internal Memory': '512 GB SSD'}",2023-12-03
128,HP Victus 15 FA1093dx 15.6 Inches 13th Gen Core i5 Win 11 Home (8GB - 512GB),"Rs. 284,999",https://images.priceoye.pk/hp-victus-15-fa1093dx-15-6-inches-13th-gen-core-i5-win-11-home-8gb-512gb-pakistan-priceoye-wc5k3-270x270.webp,https://priceoye.pk/laptops/hp/hp-victus-15-fa1093dx-15-6-inches-13th-gen-core-i5-win-11-home-8gb-512gb,PriceOye,"Laptops, HP, Notebook, Elitebook, ProBook, Zbook, Envy, Spectre, Omen, Dragonfly, victus",5.0,1 Ratings,"{'Display': '15.6 Inches', 'Generation': '13th Generation', 'Processor': 'Core i5 13420H Raptor Lake Processor', 'Internal Memory': '512 GB SSD'}",2023-12-03
129,HP ProBook 450 G9 15.6 Inches 12th Gen Core i7 Win 11 (8GB - 512GB),"Rs. 309,999",https://images.priceoye.pk/hp-probook-450-g9-15win-6-inches-12th-gen-core-i7-windows-11-8gb-512gb-local-pakistan-priceoye-an0hl-270x270.webp,https://priceoye.pk/laptops/hp/hp-probook-450-g9-15-6-inches-12th-gen-core-i7-win-11-8gb-512gb,PriceOye,"Laptops, HP, Notebook, Elitebook, ProBook, Zbook, Envy, Spectre, Omen, Dragonfly, victus",5.0,1 Ratings,"{'Display': '15.6 Inches', 'Generation': '12th Generation', 'Processor': 'Intel Core i7-1255u', 'Internal Memory': '512 GB SSD'}",2023-12-03
130,HP OMEN 16 N0023dx 16 Inches AMD Ryzen 7 6800H Win 11 (16GB - 512GB),"Rs. 371,999",https://images.priceoye.pk/hp-omen-16-n0023dx-16-inches-pakistan-priceoye-dkg8e-270x270.webp,https://priceoye.pk/laptops/hp/hp-omen-16-n0023dx-16-inches-amd-ryzen-7-6800h-win-11-16gb-512gb,PriceOye,"Laptops, HP, Notebook, Elitebook, ProBook, Zbook, Envy, Spectre, Omen, Dragonfly, victus",5.0,1 Ratings,"{'Display': '16 Inches', 'Generation': 'AMD', 'Processor': 'AMD Ryzen 7 6800H Octa Core Processor', 'Internal Memory': '512 GB SSD'}",2023-12-03
131,HP EG0503TX 15.6 Inches Core i5 11thGen (8GB RAM - 512GBSSD),"Rs. 221,499",https://images.priceoye.pk/hp-eg0503tx-15-6-inches-core-i5-12gen-8gb-ram-512gbssd-pakistan-priceoye-aimml-270x270.webp,https://priceoye.pk/laptops/hp/hp-eg0503tx-15-6-inches-core-i5-12gen-8gb-ram-512gbssd,PriceOye,"Laptops, HP, Notebook, Elitebook, ProBook, Zbook, Envy, Spectre, Omen, Dragonfly, victus",5.0,1 Ratings,"{'Display': '15.6 Inches', 'Generation': '11th Generation', 'Processor': 'Intel® Core™ i5-1135G7', 'Internal Memory': '512 GB'}",2023-12-03
132,HP EQ2179AU 15.6 Inches AMD Ryzen 3 Core i5 11thGen (4GB RAM -256GBSSD),"Rs. 126,499",https://images.priceoye.pk/hp-eq2179au-15-6-inches-core-i5-11thgen-4gb-ram-256gbssd-pakistan-priceoye-1lxmv-270x270.webp,https://priceoye.pk/laptops/hp/hp-eq2179au-15-6-inches-core-i5-11thgen-4gb-ram-256gbssd,PriceOye,"Laptops, HP, Notebook, Elitebook, ProBook, Zbook, Envy, Spectre, Omen, Dragonfly, victus",5.0,1 Ratings,"{'Display': '15.6 Inches', 'Generation': 'N/A', 'Processor': 'AMD Ryzen 3', 'Internal Memory': '256 GB SSD'}",2023-12-03
133,HP ProBook 450 G9 15.6 Inches 12th Gen Core i5 DOS (8GB - 512GB),"Rs. 229,999",https://images.priceoye.pk/hp-probook-15-6-inches-12th-gen-core-i5-8gb-512gb-pakistan-priceoye-q6orm-270x270.webp,https://priceoye.pk/laptops/hp/hp-probook-450-g9-15-6-inches-12th-gen-core-i5-dos-8gb-512gb,PriceOye,"Laptops, HP, Notebook, Elitebook, ProBook, Zbook, Envy, Spectre, Omen, Dragonfly, victus",5.0,1 Ratings,"{'Display': '15.6 Inches', 'Generation': '12th Generation', 'Processor': 'Intel Core i5-1235u', 'Internal Memory': '512 GB SSD'}",2023-12-03
134,HP ProBook 450 G9 15.6 Inches 12th Gen Core i7 DOS (8GB - 512GB) International,"Rs. 249,999",https://images.priceoye.pk/hp-probook-450-g9-15-6-inches-12th-gen-core-i7-8gb-512gb-international-pakistan-priceoye-fkbau-270x270.webp,https://priceoye.pk/laptops/hp/hp-probook-450-g9-15-6-inches-12th-gen-core-i7-dos-8gb-512gb-international,PriceOye,"Laptops, HP, Notebook, Elitebook, ProBook, Zbook, Envy, Spectre, Omen, Dragonfly, victus",5.0,1 Ratings,"{'Display': '15.6 Inches', 'Generation': '12th Generation', 'Processor': 'Intel Core i7-1255u', 'Internal Memory': '512 GB SSD'}",2023-12-03
135,HP DU3572TU 15.6 Inches Core i5 11thGen (8GB RAM - 512GBSSD),"Rs. 176,499",https://images.priceoye.pk/hp-eg0503tx-15-6-inches-core-i5-11thgen-8gb-ram-512gbssd-pakistan-priceoye-flgit-270x270.webp,https://priceoye.pk/laptops/hp/hp-eg0503tx-15-6-inches-core-i5-11thgen-8gb-ram-512gbssd,PriceOye,"Laptops, HP, Notebook, Elitebook, ProBook, Zbook, Envy, Spectre, Omen, Dragonfly, victus",5.0,1 Ratings,"{'Display': '15.6 Inches', 'Generation': '11th Generation', 'Processor': 'Intel® Core™ i5-1135G7', 'Internal Memory': '512 GB'}",2023-12-03
136,HP 250 G9 15.6 Inches 12th Gen core i5 DOS (4GB - 512GB),"Rs. 143,999",https://images.priceoye.pk/hp-250-g9-15-6-inches-12th-gen-core-i5-4gb-512gb-pakistan-priceoye-1cb8y-270x270.webp,https://priceoye.pk/laptops/hp/hp-250-g9-15-6-inches-12th-gen-core-i5-dos-4gb-512gb,PriceOye,"Laptops, HP, Notebook, Elitebook, ProBook, Zbook, Envy, Spectre, Omen, Dragonfly, victus",5.0,1 Ratings,"{'Display': '15.6 Inches', 'Generation': '12th Generation', 'Processor': 'Intel Core i5-1235u', 'Internal Memory': '512 GB SSD'}",2023-12-03
137,HP Pavilion X360 14 EK1055TU 14 Inches 13th Gen Core i5 Win 11 Home (8GB - 512GB),"Rs. 276,999",https://images.priceoye.pk/hp-pavilion-x360-14-ek1055tu-14-inches-13th-gen-core-i5-win-11-home-8gb-512gb-pakistan-priceoye-euail-270x270.webp,https://priceoye.pk/laptops/hp/hp-pavilion-x360-14-ek1055tu-14-inches-13th-gen-core-i5-win-11-home-8gb-512gb,PriceOye,"Laptops, HP, Notebook, Elitebook, ProBook, Zbook, Envy, Spectre, Omen, Dragonfly, victus",5.0,1 Ratings,"{'Display': '14 Inches', 'Generation': '13th Generation', 'Processor': 'Intel® Core™ i5-1335U', 'Internal Memory': '512 GB SSD'}",2023-12-03
138,HP Chromebook 14 G5,"Rs. 50,000",https://images.priceoye.pk/hp-chromebook-14-g5-pakistan-priceoye-7uqj8-270x270.webp,https://priceoye.pk/laptops/hp/hp-chromebook-14-g5,PriceOye,"Laptops, HP, Notebook, Elitebook, ProBook, Zbook, Envy, Spectre, Omen, Dragonfly, victus",5.0,1 Ratings,"{'Display': '14 inch', 'Generation': 'Gen 1', 'Processor': 'Intel Celeron N3350', 'Internal Memory': '16 GB'}",2023-12-03
139,HP Victus Series Gaming Laptop 16.1 Inches Core i5 (8GB RAM - 256GB SSD),"Rs. 196,000",https://images.priceoye.pk/hp-victus-series-gaming-laptop-16-1-inches-core-i5-8gb-ram-256gb-ssd-pakistan-priceoye-e2aft-270x270.webp,https://priceoye.pk/laptops/hp/hp-victus-series-gaming-laptop-16-1-inches-core-i5-8gb-ram-256gb-ssd,PriceOye,"Laptops, HP, Notebook, Elitebook, ProBook, Zbook, Envy, Spectre, Omen, Dragonfly, victus",5.0,1 Ratings,"{'Display': '16.1 Inches', 'Generation': '11th Generation', 'Processor': 'Intel Core i5', 'Internal Memory': '256GB SSD'}",2023-12-03
140,HP 250 G8 Tiger Lake Core i3 (4GB RAM - 1TB HDD),"Rs. 92,000",https://images.priceoye.pk/hp-250-g8-tiger-lake-core-i3-4gb-ram-01-terabyte-hdd-pakistan-priceoye-vt2n8-270x270.webp,https://priceoye.pk/laptops/hp/hp-250-g8-tiger-lake-core-i3-4gb-ram-01-terabyte-hdd,PriceOye,"Laptops, HP, Notebook, Elitebook, ProBook, Zbook, Envy, Spectre, Omen, Dragonfly, victus",5.0,1 Ratings,"{'Display': '15.6 Inches', 'Generation': '11th Generation', 'Processor': 'Intel Core i5', 'Internal Memory': '1 TB HDD'}",2023-12-03
141,HP EF2125WM 15.6 Inches AMD Ryzen 5 (8GB RAM - 256GBSSD),"Rs. 110,999",https://images.priceoye.pk/hp-ef2125wm-15-6-inches-amd-ryzen-5-8gb-ram-256gbssd-pakistan-priceoye-2exqu-270x270.webp,https://priceoye.pk/laptops/hp/hp-ef2125wm-15-6-inches-amd-ryzen-5-8gb-ram-256gbssd,PriceOye,"Laptops, HP, Notebook, Elitebook, ProBook, Zbook, Envy, Spectre, Omen, Dragonfly, victus",5.0,1 Ratings,"{'Display': '15.6 Inches', 'Generation': 'AMD', 'Processor': 'AMD Ryzen 5 5500U', 'Internal Memory': '256GB SSD'}",2023-12-03
142,HP Pavilion Tiger Lake 15.6 Inches Core i7 (8GB RAM - 512GB SSD),"Rs. 160,000",https://images.priceoye.pk/hp-pavilion-eg000-tiger-lake-15-6-inches-core-i7-8gb-ram-512gb-ssd-pakistan-priceoye-4xg7c-270x270.webp,https://priceoye.pk/laptops/hp/hp-pavilion-eg000-tiger-lake-15-6-inches-core-i7-8gb-ram-512gb-ssd,PriceOye,"Laptops, HP, Notebook, Elitebook, ProBook, Zbook, Envy, Spectre, Omen, Dragonfly, victus",5.0,1 Ratings,"{'Display': '15.6 Inches', 'Generation': '11th Generation', 'Processor': 'Intel Core i7', 'Internal Memory': '512GB SSD'}",2023-12-03
143,HP Chromebook x360 14 Inches Core i3 (8GBRAM - 64 GB HDD),"Rs. 67,500",https://images.priceoye.pk/hp-chromebook-x360-14-inches-core-i3-8gbram-64-gb-hdd-pakistan-priceoye-1j7t4-270x270.webp,https://priceoye.pk/laptops/hp/hp-chromebook-x360-14-inches-core-i3-8gbram-64-gb-hdd,PriceOye,"Laptops, HP, Notebook, Elitebook, ProBook, Zbook, Envy, Spectre, Omen, Dragonfly, victus",5.0,1 Ratings,"{'Display': '14 Inches', 'Generation': '10th Generation', 'Processor': 'Intel Core i3', 'Internal Memory': '64 GB'}",2023-12-03
144,HP Envy x360 13.3 Inches Core i5 (8GB RAM - 256GB SSD),"Rs. 145,000",https://images.priceoye.pk/hp-envy-x360-13-3-inches-core-i5-8gb-ram-256gb-ssd-pakistan-priceoye-p5yfj-270x270.webp,https://priceoye.pk/laptops/hp/hp-envy-x360-13-3-inches-core-i5-8gb-ram-256gb-ssd,PriceOye,"Laptops, HP, Notebook, Elitebook, ProBook, Zbook, Envy, Spectre, Omen, Dragonfly, victus",5.0,1 Ratings,"{'Display': '13.3 Inches', 'Generation': '11th Generation', 'Processor': 'Intel Core i5', 'Internal Memory': '256GB SSD'}",2023-12-03
145,HP ChromeBook x360 14 Inches Intel Pentium Celeron (8GB RAM - 64GB HDD),"Rs. 54,500",https://images.priceoye.pk/hp-chromebook-x360-14-inches-intel-pentium-celeron-8gb-ram-64gb-hdd-pakistan-priceoye-4nm07-270x270.webp,https://priceoye.pk/laptops/hp/hp-chromebook-x360-14-inches-intel-pentium-celeron-8gb-ram-64gb-hdd,PriceOye,"Laptops, HP, Notebook, Elitebook, ProBook, Zbook, Envy, Spectre, Omen, Dragonfly, victus",5.0,1 Ratings,"{'Display': '14 Inches', 'Generation': 'Intel Celeron', 'Processor': 'Intel Pentium Celeron N5000', 'Internal Memory': '64 GB'}",2023-12-03
146,HP Chrome Book x360 14 Inches Core i5 (8GB RAM - 64GB HDD),"Rs. 67,000",https://images.priceoye.pk/hp-chromebook-x360-14-inches-core-i5-8gb-ram-64gb-hdd-pakistan-priceoye-oja4s-270x270.webp,https://priceoye.pk/laptops/hp/hp-chromebook-x360-14-inches-core-i5-8gb-ram-64gb-hdd,PriceOye,"Laptops, HP, Notebook, Elitebook, ProBook, Zbook, Envy, Spectre, Omen, Dragonfly, victus",5.0,1 Ratings,"{'Display': '14 Inches', 'Generation': '8th Generation', 'Processor': 'Intel Core i5', 'Internal Memory': '64 GB'}",2023-12-03
147,HP EF2127WM 15.6 Inches Core i7 AMD Ryzen 5 (8GB - 256GB SSD),"Rs. 110,000",https://images.priceoye.pk/hp-ef2127wm-15-6-inches-amd-ryzen-5-8gb-256gb-ssd-pakistan-priceoye-lr714-270x270.webp,https://priceoye.pk/laptops/hp/hp-ef2127wm-15-6-inches-core-i7-amd-ryzen-5-8gb-256gb-ssd,PriceOye,"Laptops, HP, Notebook, Elitebook, ProBook, Zbook, Envy, Spectre, Omen, Dragonfly, victus",5.0,1 Ratings,"{'Display': '15.6 Inches', 'Generation': 'AMD', 'Processor': 'AMD Ryzen 5 5500U', 'Internal Memory': '256GB SSD'}",2023-12-03
148,HP DQ2055WM 14 Inches Core i3 (4GB RAM - 256GB SSD),"Rs. 87,000",https://images.priceoye.pk/hp-dq2055wm-14-inches-core-i3-4gb-ram-256gb-ssd-pakistan-priceoye-gbdy7-270x270.webp,https://priceoye.pk/laptops/hp/hp-dq2055wm-14-inches-core-i3-4gb-ram-256gb-ssd,PriceOye,"Laptops, HP, Notebook, Elitebook, ProBook, Zbook, Envy, Spectre, Omen, Dragonfly, victus",5.0,1 Ratings,"{'Display': '14 Inches', 'Generation': '11th Generation', 'Processor': 'Intel Core i3', 'Internal Memory': '256GB SSD'}",2023-12-03
149,HP ChromeBook 14 G4 Intel Celeron (02GB RAM - 16GB SSD),"Rs. 16,999",https://images.priceoye.pk/hp-chromebook-14-g4-intel-celeron-02gb-ram-16gb-ssd-pakistan-priceoye-yw06q-270x270.webp,https://priceoye.pk/laptops/hp/hp-chromebook-14-g4-intel-celeron-02gb-ram-16gb-ssd,PriceOye,"Laptops, HP, Notebook, Elitebook, ProBook, Zbook, Envy, Spectre, Omen, Dragonfly, victus",5.0,1 Ratings,"{'Display': '14 Inches', 'Generation': 'Intel Celeron', 'Processor': 'Intel Celeron N2840', 'Internal Memory': '16GB SSD'}",2023-12-03
150,HP Chromebook x360 11.6 Inches Intel Celeron (4GB RAM - 32GB HDD),"Rs. 44,900",https://images.priceoye.pk/hp-chromebook-x360-11-6-inches-intel-celeron-4gb-ram-32gb-hdd-pakistan-priceoye-kukyv-270x270.webp,https://priceoye.pk/laptops/hp/hp-chromebook-x360-11-6-inches-intel-celeron-4gb-ram-32gb-hdd,PriceOye,"Laptops, HP, Notebook, Elitebook, ProBook, Zbook, Envy, Spectre, Omen, Dragonfly, victus",5.0,1 Ratings,"{'Display': '11.6 Inches', 'Generation': 'Intel Celeron', 'Processor': 'Intel Celeron N4020', 'Internal Memory': '32 GB'}",2023-12-03
151,HP Pavilion Gaming Laptop 16.1 Inches Core i5 (8GB RAM - 256GBSSD),"Rs. 160,000",https://images.priceoye.pk/hp-pavilion-gaming-laptop-a0051wm-16-1-inches-core-i5-8gb-ram-256gbssd-pakistan-priceoye-41dnz-270x270.webp,https://priceoye.pk/laptops/hp/hp-pavilion-gaming-laptop-a0051wm-16-1-inches-core-i5-8gb-ram-256gbssd,PriceOye,"Laptops, HP, Notebook, Elitebook, ProBook, Zbook, Envy, Spectre, Omen, Dragonfly, victus",5.0,1 Ratings,"{'Display': '16.1 Inches', 'Generation': '10th Generation', 'Processor': 'Intel Core i5', 'Internal Memory': '256GB SSD'}",2023-12-03
152,HP ChromeBook x360 14 Inches Core i3 (8GB RAM - 64GB SSD),"Rs. 60,000",https://images.priceoye.pk/hp-chromebook-x360-14-inches-core-i3-8gb-ram-64gb-ssd-pakistan-priceoye-d0cuv-270x270.webp,https://priceoye.pk/laptops/hp/hp-chromebook-x360-14-inches-core-i3-8gb-ram-64gb-ssd,PriceOye,"Laptops, HP, Notebook, Elitebook, ProBook, Zbook, Envy, Spectre, Omen, Dragonfly, victus",5.0,1 Ratings,"{'Display': '15.6 Inches', 'Generation': '08th Generation', 'Processor': 'Intel Core i3', 'Internal Memory': '64 GB SSD'}",2023-12-03
153,HP DW3024NIA 15.6 Inches Core i3 (4GB RAM - 256GB SSD),"Rs. 87,000",https://images.priceoye.pk/hp-dw3024nia-15-7-inches-core-i3-4-gb-ram-256-gb-ssd-pakistan-priceoye-ugqmf-270x270.webp,https://priceoye.pk/laptops/hp/hp-dw3024nia-15-6-inches-core-i3-4gb-ram-256gb-ssd,PriceOye,"Laptops, HP, Notebook, Elitebook, ProBook, Zbook, Envy, Spectre, Omen, Dragonfly, victus",5.0,1 Ratings,"{'Display': '15.6 Inches', 'Generation': '11th Generation', 'Processor': 'Intel Core i3', 'Internal Memory': '256GB SSD'}",2023-12-03
154,HP EF2126WM 15.6 Inches AMD Ryzen 5 (8GB RAM - 256GB SSD),"Rs. 106,999",https://images.priceoye.pk/hp-ef2126wm-15-6-inches-amd-ryzen-5-8gb-ram-256gb-ssd-pakistan-priceoye-6ur1b-270x270.webp,https://priceoye.pk/laptops/hp/hp-ef2126wm-15-6-inches-amd-ryzen-5-8gb-ram-256gb-ssd,PriceOye,"Laptops, HP, Notebook, Elitebook, ProBook, Zbook, Envy, Spectre, Omen, Dragonfly, victus",5.0,1 Ratings,"{'Display': '15.6 Inches', 'Generation': 'AMD', 'Processor': 'AMD Ryzen 5 5500U', 'Internal Memory': '256GB SSD'}",2023-12-03
155,HP EliteBook Folio x360 13.3 Inches Core i7(16GB RAM - 256GB SSD),"Rs. 162,000",https://images.priceoye.pk/hp-elitebook-folio-x360-13-3-inches-core-i7-16gb-ram-256gb-ssd-pakistan-priceoye-lj9k0-270x270.webp,https://priceoye.pk/laptops/hp/hp-elitebook-folio-x360-13-3-inches-core-i7-16gb-ram-256gb-ssd,PriceOye,"Laptops, HP, Notebook, Elitebook, ProBook, Zbook, Envy, Spectre, Omen, Dragonfly, victus",5.0,1 Ratings,"{'Display': '13.3 Inches', 'Generation': '08th Generation', 'Processor': 'Intel Core i7', 'Internal Memory': '256GB SSD'}",2023-12-03
156,HP ZBook Studio G5 15.6 Inches Core i7(8GB RAM - 256GB SSD),"Rs. 162,000",https://images.priceoye.pk/hp-zbook-studio-g5-mobile-workstation-15-6-inches-core-i7-8gb-ram-256gb-ssd-pakistan-priceoye-mqosk-270x270.webp,https://priceoye.pk/laptops/hp/hp-zbook-studio-g5-mobile-workstation-15-6-inches-core-i7-8gb-ram-256gb-ssd,PriceOye,"Laptops, HP, Notebook, Elitebook, ProBook, Zbook, Envy, Spectre, Omen, Dragonfly, victus",5.0,1 Ratings,"{'Display': '15.6 Inches', 'Generation': '08th Generation', 'Processor': 'Intel Core i7', 'Internal Memory': '256GB SSD'}",2023-12-03
157,HP Spectre x360 13.3 Inches Core i7 (16GB RAM - 512GB SSD),"Rs. 193,000",https://images.priceoye.pk/hp-spectre-x360-aw0239tu-13-3-inches-core-i7-16gb-ram-512gb-ssd-pakistan-priceoye-ictaq-270x270.webp,https://priceoye.pk/laptops/hp/hp-spectre-x360-aw0239tu-13-3-inches-core-i7-16gb-ram-512gb-ssd,PriceOye,"Laptops, HP, Notebook, Elitebook, ProBook, Zbook, Envy, Spectre, Omen, Dragonfly, victus",5.0,1 Ratings,"{'Display': '13.3 Inches', 'Generation': '10th Generation', 'Processor': 'Intel Core i7', 'Internal Memory': '512GB SSD'}",2023-12-03
158,HP ZBook 9750H 15.6 Inches Core i7 (16GB RAM - 512GB SSD),"Rs. 220,000",https://images.priceoye.pk/hp-zbook-9750h-15-6-inches-core-i7-16gb-ram-512gb-ssd-pakistan-priceoye-t389c-270x270.webp,https://priceoye.pk/laptops/hp/hp-zbook-9750h-15-6-inches-core-i7-16gb-ram-512gb-ssd,PriceOye,"Laptops, HP, Notebook, Elitebook, ProBook, Zbook, Envy, Spectre, Omen, Dragonfly, victus",5.0,1 Ratings,"{'Display': '15.6 Inches', 'Generation': '9th Generation', 'Processor': 'Intel Core i7', 'Internal Memory': '512GB SSD'}",2023-12-03
159,HP Pavilion EH1070WM 15.6 Inches AMD Ryzen 7(8GB RAM - 512GB SSD),"Rs. 140,000",https://images.priceoye.pk/hp-pavilion-eh1070wm-15-6-inches-amd-ryzen-7-8gb-ram-512gb-ssd-pakistan-priceoye-k800x-270x270.webp,https://priceoye.pk/laptops/hp/hp-pavilion-eh1070wm-15-6-inches-amd-ryzen-7-8gb-ram-512gb-ssd,PriceOye,"Laptops, HP, Notebook, Elitebook, ProBook, Zbook, Envy, Spectre, Omen, Dragonfly, victus",5.0,1 Ratings,"{'Display': '15.6 Inches', 'Generation': 'AMD', 'Processor': 'AMD Ryzen 7 5700U', 'Internal Memory': '512GB SSD'}",2023-12-03
160,HP FQ5098TU 15.6 Inches Core i5 12Gen (8GB RAM - 512GBSSD),"Rs. 201,499",https://images.priceoye.pk/hp-fq5098tu-15-6-inches-core-i5-12gen-8gb-ram-512gbssd-pakistan-priceoye-idhkj-270x270.webp,https://priceoye.pk/laptops/hp/hp-fq5098tu-15-6-inches-core-i5-12gen-8gb-ram-512gbssd,PriceOye,"Laptops, HP, Notebook, Elitebook, ProBook, Zbook, Envy, Spectre, Omen, Dragonfly, victus",5.0,1 Ratings,"{'Display': '15.6 Inches', 'Generation': '12th Gen', 'Processor': 'Intel Core i5 12th Generation', 'Internal Memory': '512 GB'}",2023-12-03
161,Apple MacBook Pro 13 Inches Core i5 (8GB-512GB),"Rs. 265,999",https://images.priceoye.pk/apple-macbookk-pro-13-inch-core-i5-m2-chip-8gb-ram-512gb-ssd-a2289-pakistan-priceoye-sx97j-270x270.webp,https://priceoye.pk/laptops/apple/apple-macbook-pro-13-inches-core-i5-8gb-512gb,PriceOye,"Laptops, Apple, Moshi, Targus, Ugreen, Wiwu, Macbook Air, Macbook Pro",5.0,1 Ratings,"{'Display': '13.3-inches', 'Generation': '8th Generation', 'Processor': 'Intel Core i5 1.4GHz quad-core (8257U)', 'Internal Memory': '512 GB'}",2023-12-03
162,Apple MacBook Pro 13 Inches M2 Chip (MNEJ3),"Rs. 599,999",https://images.priceoye.pk/apple-macbook-pro-13-inches-m2-chip-mnej3-pakistan-priceoye-emlsr-270x270.webp,https://priceoye.pk/laptops/apple/apple-macbook-pro-13-inches-m2-chip-mnej3,PriceOye,"Laptops, Apple, Moshi, Targus, Ugreen, Wiwu, Macbook Air, Macbook Pro",5.0,1 Ratings,"{'Display': '13.3 inches', 'Generation': 'M2', 'Processor': 'M2 8-core CPU', 'Internal Memory': '256 GB SSD'}",2023-12-03
163,Apple MacBook Pro 16.0 Inches M1 Chip (MK183) Japanese Version (ENG Keyboard),"Rs. 550,000",https://images.priceoye.pk/apple-macbook-pro-16-2-inches-m1-pro-chip-16gb-ram-512gb-ssd-mk183-pakistan-priceoye-ngioh-270x270.webp,https://priceoye.pk/laptops/apple/apple-macbook-pro-16-2-inches-m1-pro-chip-16gb-ram-512gb-ssd-mk183,PriceOye,"Laptops, Apple, Moshi, Targus, Ugreen, Wiwu, Macbook Air, Macbook Pro",5.0,1 Ratings,"{'Display': '16.2 Inches', 'Generation': 'M1', 'Processor': 'Apple M1 Pro chip', 'Internal Memory': '512GB SSD'}",2023-12-03
164,Apple MacBook Air 13.3 Inches M1 Chip 8GB RAM - 256GB SSD (MGND3),"Rs. 338,999",https://images.priceoye.pk/apple-macbook-air-13-3-inches-m1-chip-8gb-ram-256gb-ssd-mgnd3-pakistan-priceoye-qc4k7-270x270.webp,https://priceoye.pk/laptops/apple/apple-macbook-air-13-3-inches-m1-chip-8gb-ram-256gb-ssd-mgnd3,PriceOye,"Laptops, Apple, Moshi, Targus, Ugreen, Wiwu, Macbook Air, Macbook Pro",5.0,1 Ratings,"{'Display': '13.3 Inches', 'Generation': 'M1', 'Processor': 'Apple M1 Chip', 'Internal Memory': '256GB SSD'}",2023-12-03
165,Apple Macbook Pro 14 inches M1 Chip (MKGP3),"Rs. 443,000",https://images.priceoye.pk/apple-macbook-pro-pakistan-priceoye-i3tk9-270x270.webp,https://priceoye.pk/laptops/apple/apple-macbook-pro,PriceOye,"Laptops, Apple, Moshi, Targus, Ugreen, Wiwu, Macbook Air, Macbook Pro",5.0,1 Ratings,"{'Display': '14 inches', 'Generation': 'M1', 'Processor': 'Apple M1', 'Internal Memory': '512 GB SSD'}",2023-12-03
166,Apple MacBook Pro 13.3 Inches M1 Chip 8GB RAM - 256GB SSD (MYD82),"Rs. 240,000",https://images.priceoye.pk/apple-macbook-pro-13-inches-m1-chip-8gb-ram-256gb-ssd-myd82-pakistan-priceoye-ttk0m-270x270.webp,https://priceoye.pk/laptops/apple/apple-macbook-pro-13-3-inches-m1-chip-8gb-ram-256gb-ssd-myd82,PriceOye,"Laptops, Apple, Moshi, Targus, Ugreen, Wiwu, Macbook Air, Macbook Pro",5.0,1 Ratings,"{'Display': '13.3', 'Generation': 'M1', 'Processor': 'Apple M1 Chip', 'Internal Memory': '256GB SSD'}",2023-12-03
167,Apple MacBook Air 13.3 Inches  Core i3 8GB RAM - 256GB SSD (MWTK2 ),"Rs. 155,000",https://images.priceoye.pk/apple-macbook-air-13-3-inches-core-i3-8gb-ram-256gb-ssd-mwtk2-pakistan-priceoye-y79v5-270x270.webp,https://priceoye.pk/laptops/apple/apple-macbook-air-13-3-inches-core-i3-8gb-ram-256gb-ssd-mwtk2,PriceOye,"Laptops, Apple, Moshi, Targus, Ugreen, Wiwu, Macbook Air, Macbook Pro",5.0,1 Ratings,"{'Display': '13.3 Inches', 'Generation': '10th Generation', 'Processor': 'Intel Core i3', 'Internal Memory': '256GB SSD'}",2023-12-03
168,Apple MacBook Pro 16 inches M1 Chip (MK193),"Rs. 671,900",https://images.priceoye.pk/apple-macbook-pro-16-mk193-pakistan-priceoye-y2kbu-270x270.webp,https://priceoye.pk/laptops/apple/apple-macbook-pro-16-mk193,PriceOye,"Laptops, Apple, Moshi, Targus, Ugreen, Wiwu, Macbook Air, Macbook Pro",5.0,1 Ratings,"{'Display': '16.2 Inches', 'Generation': 'M1', 'Processor': 'Apple M1', 'Internal Memory': '1 TeraByte SSD'}",2023-12-03
169,Apple MacBook Air  13.6 inches M2  Chip (MLXY3),"Rs. 294,990",https://images.priceoye.pk/apple-macbook-air-13-6-inches-pakistan-priceoye-k0xsr-270x270.webp,https://priceoye.pk/laptops/apple/apple-macbook-air-13-6-inches,PriceOye,"Laptops, Apple, Moshi, Targus, Ugreen, Wiwu, Macbook Air, Macbook Pro",5.0,1 Ratings,"{'Display': '13.6 inches', 'Generation': 'M2', 'Processor': 'Apple M2 8-core GPU', 'Internal Memory': '256 GB SSD'}",2023-12-03
170,Samsung Galaxy A14,"Rs. 50,999",https://images.priceoye.pk/samsung-galaxy-a14-pakistan-priceoye-dl6gq-270x270.webp,https://priceoye.pk/mobiles/samsung/samsung-galaxy-a14,PriceOye,"MobilePhones, Samsung",5.0,114 Ratings,"{'Display': '6.6 inches', 'RAM': '4/6 GB', 'Battery': '5000 mAh', 'Back Camera': '50 MP + 5 MP + 2 MP'}",2023-12-03
171,Samsung Galaxy A04,"Rs. 24,999",https://images.priceoye.pk/samsung-galaxy-a04-pakistan-priceoye-ykzl2-270x270.webp,https://priceoye.pk/mobiles/samsung/samsung-galaxy-a04,PriceOye,"MobilePhones, Samsung",5.0,211 Ratings,"{'Display': '6.5 inches', 'RAM': '3/4 GB', 'Battery': '5000 mAh', 'Back Camera': '50 MP + 2 MP'}",2023-12-03
172,Samsung Galaxy Z Fold 4,"Rs. 319,999",https://images.priceoye.pk/samsung-galaxy-z-fold-4-pakistan-priceoye-lt5w4-270x270.webp,https://priceoye.pk/mobiles/samsung/samsung-galaxy-z-fold-4,PriceOye,"MobilePhones, Samsung",5.0,17 Ratings,"{'Display': '7.6 inches', 'RAM': '12 GB', 'Battery': '4400 mAh', 'Back Camera': '50 MP + 10 MP + 12 MP'}",2023-12-03
173,Samsung Galaxy A34,"Rs. 103,499",https://images.priceoye.pk/samsung-galaxy-a34-pakistan-priceoye-flemx-270x270.webp,https://priceoye.pk/mobiles/samsung/samsung-galaxy-a34,PriceOye,"MobilePhones, Samsung",5.0,26 Ratings,"{'Display': '6.6 Inches', 'RAM': '6/8 GB', 'Battery': '5000 mAh', 'Back Camera': '48 MP + 8 MP + 5 MP'}",2023-12-03
174,Samsung Galaxy S23 FE,"Rs. 196,799",https://images.priceoye.pk/samsung-galaxy-s23-fe-pakistan-priceoye-iluwf-270x270.webp,https://priceoye.pk/mobiles/samsung/samsung-galaxy-s23-fe,PriceOye,"MobilePhones, Samsung",5.0,1 Ratings,"{'Display': '6.4 inches', 'RAM': '8 GB', 'Battery': '4500 mAh', 'Back Camera': '50 MP + 8 MP + 12 MP'}",2023-12-03
175,Samsung Galaxy A13,"Rs. 45,799",https://images.priceoye.pk/samsung-galaxy-a13-pakistan-priceoye-f5zsh-270x270.webp,https://priceoye.pk/mobiles/samsung/samsung-galaxy-a13,PriceOye,"MobilePhones, Samsung",5.0,354 Ratings,"{'Display': '6.6 Inches', 'RAM': '4 GB', 'Battery': '5000 mAh', 'Back Camera': '50 MP + 5 MP + 2 MP + 2 MP'}",2023-12-03
176,Samsung Galaxy S22 Ultra,"Rs. 382,499",https://images.priceoye.pk/samsung-galaxy-s22-ultra-pakistan-priceoye-w6bkl-270x270.webp,https://priceoye.pk/mobiles/samsung/samsung-galaxy-s22-ultra,PriceOye,"MobilePhones, Samsung",5.0,92 Ratings,"{'Display': '6.8 inches', 'RAM': '12 GB', 'Battery': '5000 mAh', 'Back Camera': '108 MP + 10 MP + 10 MP + 12 MP'}",2023-12-03
177,Samsung Galaxy A04s,"Rs. 35,999",https://images.priceoye.pk/samsung-galaxy-a04s-pakistan-priceoye-6hglz-270x270.webp,https://priceoye.pk/mobiles/samsung/samsung-galaxy-a04s,PriceOye,"MobilePhones, Samsung",5.0,146 Ratings,"{'Display': '6.5', 'RAM': '3/4 GB', 'Battery': '5000 mAh', 'Back Camera': '50 MP + 2 MP + 2 MP'}",2023-12-03
178,Samsung Galaxy A54 5G,"Rs. 128,499",https://images.priceoye.pk/samsung-galaxy-a54-5g-pakistan-priceoye-vyzoh-270x270.webp,https://priceoye.pk/mobiles/samsung/samsung-galaxy-a54-5g,PriceOye,"MobilePhones, Samsung",5.0,27 Ratings,"{'Display': '6.4 inches', 'RAM': '8 GB', 'Battery': '5000 mAh', 'Back Camera': '12MP + 50MP + 5MP'}",2023-12-03
179,Samsung Galaxy Z Fold 5,"Rs. 526,999",https://images.priceoye.pk/samsung-galaxy-z-fold-5-pakistan-priceoye-v7du0-270x270.webp,https://priceoye.pk/mobiles/samsung/samsung-galaxy-z-fold-5,PriceOye,"MobilePhones, Samsung",5.0,2 Ratings,"{'Display': '7.6 inches', 'RAM': '12 GB', 'Battery': '4400 mAh', 'Back Camera': '12 MP + 50 MP + 10 MP'}",2023-12-03
180,Samsung Galaxy A24 4G,"Rs. 68,699",https://images.priceoye.pk/samsung-galaxy-a24-4g-pakistan-priceoye-xym8a-270x270.webp,https://priceoye.pk/mobiles/samsung/samsung-galaxy-a24-4g,PriceOye,"MobilePhones, Samsung",5.0,36 Ratings,"{'Display': '6.5 inches', 'RAM': '6 GB / 8 GB', 'Battery': '5000 mAh', 'Back Camera': '50 MP + 2 MP + 2 MP'}",2023-12-03
181,Samsung Galaxy Z Flip 4,"Rs. 194,999",https://images.priceoye.pk/samsung-galaxy-z-flip-4-pakistan-priceoye-fsy4p-270x270.webp,https://priceoye.pk/mobiles/samsung/samsung-galaxy-z-flip-4,PriceOye,"MobilePhones, Samsung",5.0,10 Ratings,"{'Display': '6.7 Inches', 'RAM': '8GB RAM', 'Battery': '3700 mAh', 'Back Camera': '12 MP + 12 MP'}",2023-12-03
182,Samsung Galaxy A04e,"Rs. 32,399",https://images.priceoye.pk/samsung-galaxy-a04e-pakistan-priceoye-1kwpq-270x270.webp,https://priceoye.pk/mobiles/samsung/samsung-galaxy-a04e,PriceOye,"MobilePhones, Samsung",5.0,54 Ratings,"{'Display': '6.5 Inches', 'RAM': '3 GB', 'Battery': '5000 mAh', 'Back Camera': '13 MP + 2 MP'}",2023-12-03
183,Samsung Galaxy A53 5G,"Rs. 128,999",https://images.priceoye.pk/samsung-galaxy-a53-pakistan-priceoye-wviys-270x270.webp,https://priceoye.pk/mobiles/samsung/samsung-galaxy-a53,PriceOye,"MobilePhones, Samsung",5.0,137 Ratings,"{'Display': '6.5 Inches', 'RAM': '8 GB', 'Battery': '5000 mAh', 'Back Camera': '64 MP + 12 MP + 5 MP + 5 MP'}",2023-12-03
184,Samsung Galaxy S22,"Rs. 265,999",https://images.priceoye.pk/samsung-galaxy-s22-pakistan-priceoye-k2kbm-270x270.webp,https://priceoye.pk/mobiles/samsung/samsung-galaxy-s22,PriceOye,"MobilePhones, Samsung",5.0,19 Ratings,"{'Display': '6.1 inches', 'RAM': '8 GB', 'Battery': '3700 mAh', 'Back Camera': '50 MP + 10 MP + 12 MP'}",2023-12-03
185,Samsung Galaxy S23 Ultra,"Rs. 504,999",https://images.priceoye.pk/samsung-galaxy-s23-ultra-pakistan-priceoye-7uysk-270x270.webp,https://priceoye.pk/mobiles/samsung/samsung-galaxy-s23-ultra,PriceOye,"MobilePhones, Samsung",5.0,10 Ratings,"{'Display': '6.8 inches', 'RAM': '12 GB', 'Battery': '5000 mAh', 'Back Camera': '200 MP + 10 MP + 10 MP + 12 MP'}",2023-12-03
186,Samsung Galaxy Z Flip 5,"Rs. 324,999",https://images.priceoye.pk/samsung-galaxy-z-flip-5-pakistan-priceoye-xks8x-270x270.webp,https://priceoye.pk/mobiles/samsung/samsung-galaxy-z-flip-5,PriceOye,"MobilePhones, Samsung",5.0,1 Ratings,"{'Display': '6.7 inches', 'RAM': '8 GB', 'Battery': '3700 mAh', 'Back Camera': '12 MP + 12 MP'}",2023-12-03
187,Samsung Galaxy S23,"Rs. 359,999",https://images.priceoye.pk/placeholder-product-mobile-270x270.webp,https://priceoye.pk/mobiles/samsung/samsung-galaxy-s23,PriceOye,"MobilePhones, Samsung",5.0,2 Ratings,"{'Display': '6.1 inches', 'RAM': '8 GB', 'Battery': '3900 mAh', 'Back Camera': '50 MP + 10 MP + 12 MP'}",2023-12-03
188,Samsung Galaxy A73,"Rs. 197,999",https://images.priceoye.pk/samsung-galaxy-a73-pakistan-priceoye-1x21k-270x270.webp,https://priceoye.pk/mobiles/samsung/samsung-galaxy-a73,PriceOye,"MobilePhones, Samsung",5.0,119 Ratings,"{'Display': '6.7 Inches', 'RAM': '8 GB', 'Battery': '5000 mAh', 'Back Camera': '108 MP + 12 MP + 5 MP + 5 MP'}",2023-12-03
189,Samsung Galaxy A33 5G,"Rs. 102,999",https://images.priceoye.pk/samsung-galaxy-a33-pakistan-priceoye-u6khl-270x270.webp,https://priceoye.pk/mobiles/samsung/samsung-galaxy-a33,PriceOye,"MobilePhones, Samsung",5.0,123 Ratings,"{'Display': '6.4 Inches', 'RAM': '8 GB', 'Battery': '5000 mAh', 'Back Camera': '48 MP + 8 MP + 2 MP + 5 MP'}",2023-12-03
190,Samsung Galaxy A32,"Rs. 79,999",https://images.priceoye.pk/samsung-galaxy-a32-pakistan-priceoye-6ok1x-270x270.webp,https://priceoye.pk/mobiles/samsung/samsung-galaxy-a32,PriceOye,"MobilePhones, Samsung",5.0,797 Ratings,"{'Display': '6.4 inches', 'RAM': '6 GB', 'Battery': '5000 mAh', 'Back Camera': '64 MP + 8 MP + 5 MP + 5 MP'}",2023-12-03
191,Samsung Galaxy A22,"Rs. 55,999",https://images.priceoye.pk/samsung-galaxy-a22-pakistan-priceoye-woctw-270x270.webp,https://priceoye.pk/mobiles/samsung/samsung-galaxy-a22,PriceOye,"MobilePhones, Samsung",5.0,80 Ratings,"{'Display': '6.4 inches', 'RAM': '4/6 GB', 'Battery': '5000 mAh', 'Back Camera': '48 MP + 8 MP + 2 MP + 2 MP'}",2023-12-03
192,Samsung Galaxy A23,"Rs. 74,199",https://images.priceoye.pk/samsung-galaxy-a23-pakistan-priceoye-ap7s8-270x270.webp,https://priceoye.pk/mobiles/samsung/samsung-galaxy-a23,PriceOye,"MobilePhones, Samsung",5.0,139 Ratings,"{'Display': '6.6 Inches', 'RAM': '6 GB', 'Battery': '5000 mAh', 'Back Camera': '50 MP + 5 MP + 2 MP + 2MP'}",2023-12-03
193,Samsung Galaxy S21 FE,"Rs. 189,999",https://images.priceoye.pk/samsung-galaxy-s21-fe-pakistan-priceoye-7d8x8-270x270.webp,https://priceoye.pk/mobiles/samsung/samsung-galaxy-s21-fe,PriceOye,"MobilePhones, Samsung",5.0,93 Ratings,"{'Display': '6.4 Inches', 'RAM': '6/8 GB', 'Battery': '4500 mAh', 'Back Camera': '12 MP + 12 MP + 08 MP'}",2023-12-03
194,Samsung Galaxy A03,"Rs. 26,699",https://images.priceoye.pk/samsung-galaxy-a03-pakistan-priceoye-g7f5i-270x270.webp,https://priceoye.pk/mobiles/samsung/samsung-galaxy-a03,PriceOye,"MobilePhones, Samsung",5.0,201 Ratings,"{'Display': '6.5 Inches', 'RAM': '3/4 GB', 'Battery': '5000 mAh', 'Back Camera': '48 MP + 2 MP'}",2023-12-03
195,Samsung Galaxy M04,"Rs. 29,999",https://images.priceoye.pk/samsung-galaxy-m04-pakistan-priceoye-0jrzi-270x270.webp,https://priceoye.pk/mobiles/samsung/samsung-galaxy-m04,PriceOye,"MobilePhones, Samsung",5.0,1 Ratings,"{'Display': '6.5 Inches', 'RAM': '3 GB', 'Battery': '5000 mAh', 'Back Camera': '13 MP'}",2023-12-03
196,Samsung Galaxy M24,"Rs. 64,999",https://images.priceoye.pk/samsung-galaxy-m24-pakistan-priceoye-89zqd-270x270.webp,https://priceoye.pk/mobiles/samsung/samsung-galaxy-m24,PriceOye,"MobilePhones, Samsung",5.0,1 Ratings,"{'Display': '6.6"" inches', 'RAM': '4 GB/ 6 GB', 'Battery': '6000 mAh', 'Back Camera': '50 MP + 2 MP + 2 MP'}",2023-12-03
197,Samsung Galaxy M34 5G,"Rs. 69,999",https://images.priceoye.pk/samsung-galaxy-m34-5g-pakistan-priceoye-3mdu9-270x270.webp,https://priceoye.pk/mobiles/samsung/samsung-galaxy-m34-5g,PriceOye,"MobilePhones, Samsung",5.0,1 Ratings,"{'Display': 'null', 'RAM': '6/ 8 GB', 'Battery': '6000 mAh', 'Back Camera': 'Yes'}",2023-12-03
198,Samsung Galaxy M54,"Rs. 79,999",https://images.priceoye.pk/samsung-galaxy-m54-pakistan-priceoye-voeso-270x270.webp,https://priceoye.pk/mobiles/samsung/samsung-galaxy-m54,PriceOye,"MobilePhones, Samsung",5.0,1 Ratings,"{'Display': '6.7"" inches', 'RAM': '8 GB', 'Battery': '6000 mAh', 'Back Camera': '108 MP + 8 MP + 2 MP'}",2023-12-03
199,Samsung Galaxy S23 Plus,"Rs. 499,000",https://images.priceoye.pk/samsung-galaxy-s23-plus-pakistan-priceoye-uns8g-270x270.webp,https://priceoye.pk/mobiles/samsung/samsung-galaxy-s23-plus,PriceOye,"MobilePhones, Samsung",5.0,1 Ratings,"{'Display': '6.6 inches', 'RAM': '8 GB', 'Battery': '4700 mAh', 'Back Camera': '50 MP + 10 MP + 12 MP'}",2023-12-03
200,Samsung Galaxy F54,"Rs. 74,499",https://images.priceoye.pk/samsung-galaxy-f54-pakistan-priceoye-wxtso-270x270.webp,https://priceoye.pk/mobiles/samsung/samsung-galaxy-f54,PriceOye,"MobilePhones, Samsung",5.0,1 Ratings,"{'Display': '6.7 Inches', 'RAM': '8 GB', 'Battery': '6000 mAh', 'Back Camera': '108 MP + 8 MP + 2 MP'}",2023-12-03
